DAN_ID,DAN_NAME,SIGUNGU_CD,SIGUNGU_NM,TYPE,환경오염물질_배출사업장수,낙후도지수,공항거리,항만거리,고속도로거리,화물역거리,univ_count,연구소전담부서,mart_count,store_count,hospital_count,pharmacy_count,subway_count,bus_count,BUFFER_M,낙후도지수_norm,공항거리_norm,항만거리_norm,고속도로거리_norm,화물역거리_norm,환경오염물질_배출사업장수_norm,연구소전담부서_norm,mart_count_norm,bus_count_norm,hospital_count_norm,pharmacy_count_norm,subway_count_norm,store_count_norm,univ_count_norm
326050,금곡,21080,북구,구,87,0.769,10.73232901,19.91077345,1.812370796,6.083906624,0.0,43,2.0,48.0,1.0,34.0,4.0,243,3000,0.0,0.8642078722511374,0.7902012111640608,0.9412129068169167,0.940040807551872,0.001914975105323631,0.03902439024390244,0.08,0.21641791044776118,0.05,0.19101123595505617,0.3076923076923077,0.15841584158415842,0.0
226040,센텀시티,21090,해운대구,구,192,0.769,17.12529946,13.89962613,4.866338005,8.42355652,2.0,362,23.0,303.0,14.0,178.0,13.0,591,3000,0.0,0.7782804581500048,0.8570456790935391,0.822940501958336,0.9151391644096275,0.022022213711221757,0.35024390243902437,0.92,0.5874200426439232,0.7000000000000001,1.0,1.0,1.0,0.08333333333333333
326060,센텀2,21090,해운대구,구,192,0.769,18.26346029,18.07697659,4.95009874,12.1536317,12.0,362,9.0,95.0,4.0,87.0,6.0,362,3000,0.0,0.762982527756302,0.8105931877488982,0.8196966611168307,0.8754387796704814,0.022022213711221757,0.35024390243902437,0.36,0.34328358208955223,0.2,0.4887640449438202,0.46153846153846156,0.31353135313531355,0.5
226030,신평·장림,21100,사하구,구,963,0.769,10.71400473,5.602722137,7.736177018,8.583155971,0.0,234,20.0,185.0,18.0,110.0,9.0,580,3000,0.0,0.8644541674605365,0.9493079550535384,0.7117989151645383,0.9134404963391206,0.16966679433167367,0.2253658536585366,0.8,0.5756929637526653,0.9,0.6179775280898876,0.6923076923076923,0.6105610561056106,0.0
226140,산양,21100,사하구,구,963,0.769,12.42225402,6.746257572,9.549658561,10.79161566,0.0,234,10.0,88.0,7.0,51.0,7.0,403,3000,0.0,0.8414937228162482,0.9365917440472376,0.6415673741626652,0.8899351525851121,0.16966679433167367,0.2253658536585366,0.4,0.38699360341151384,0.35000000000000003,0.28651685393258425,0.5384615384615385,0.29042904290429045,0.0
226032,신평.장림(협업),21100,사하구,구,963,0.769,12.30353094,7.030178105,9.455096031,10.9760914,1.0,234,10.0,82.0,6.0,47.0,7.0,375,3000,0.0,0.8430894704171966,0.9334345236444876,0.6452295411301598,0.8879717182038677,0.16966679433167367,0.2253658536585366,0.4,0.3571428571428571,0.30000000000000004,0.2640449438202247,0.5384615384615385,0.2706270627062706,0.041666666666666664
226031,신평.장림(기존),21100,사하구,구,963,0.769,10.49724529,5.905266354,7.530742937,8.741107062,1.0,234,19.0,182.0,18.0,107.0,9.0,550,3000,0.0,0.8673676140823975,0.9459436377054641,0.7197548561216576,0.9117593722919994,0.16966679433167367,0.2253658536585366,0.76,0.5437100213219617,0.9,0.601123595505618,0.6923076923076923,0.6006600660066007,0.041666666666666664
326010,회동·석대,21110,금정구,구,233,0.769,18.10025997,19.34894867,3.176948537,13.11235684,17.0,143,2.0,58.0,3.0,42.0,6.0,244,3000,0.0,0.7651760904495376,0.7964487503590736,0.8883662716045477,0.865234760962984,0.02987361164304864,0.13658536585365855,0.08,0.21748400852878466,0.15000000000000002,0.23595505617977527,0.46153846153846156,0.19141914191419143,0.7083333333333333
226330,부산연구개발,21120,강서구,구,874,0.769,3.492591938,15.73711754,2.016752919,11.76765406,0.0,872,2.0,30.0,1.0,7.0,8.0,268,3000,0.0,0.9615166100647252,0.8366126187994126,0.9332977055252736,0.8795468633066691,0.15262351589429335,0.8478048780487805,0.08,0.24307036247334754,0.05,0.03932584269662921,0.6153846153846154,0.09900990099009901,0.0
226100,미음,21120,강서구,구,874,0.769,8.173416385,12.07400827,3.917318056,3.107430614,0.0,872,0.0,40.0,0.0,3.0,0.0,239,3000,0.0,0.8986020160215018,0.8773467045048167,0.8596936377799058,0.971720394976123,0.15262351589429335,0.8478048780487805,0.0,0.21215351812366737,0.0,0.016853932584269662,0.0,0.132013201320132,0.0
226300,지사글로벌,21120,강서구,구,874,0.769,11.44274825,10.62470559,5.656674741,4.148845743,0.0,872,1.0,35.0,2.0,15.0,0.0,177,3000,0.0,0.8546591829996656,0.8934630732038568,0.7923327645408118,0.9606362802333023,0.15262351589429335,0.8478048780487805,0.04,0.14605543710021324,0.1,0.08426966292134831,0.0,0.11551155115511551,0.0
226012,부산과학(외국인),21120,강서구,구,874,0.769,11.57943397,10.95801919,5.174950609,4.682510879,0.0,872,1.0,45.0,2.0,19.0,0.0,232,3000,0.0,0.8528220009641767,0.8897565977076517,0.8109887184757948,0.9549563112786097,0.15262351589429335,0.8478048780487805,0.04,0.2046908315565032,0.1,0.10674157303370786,0.0,0.1485148514851485,0.0
226130,성우,21120,강서구,구,874,0.769,10.67516886,10.53093834,6.330535174,3.125947699,0.0,872,0.0,22.0,0.0,5.0,0.0,158,3000,0.0,0.8649761573413857,0.8945057729750979,0.7662358589436978,0.9715233117101638,0.15262351589429335,0.8478048780487805,0.0,0.1257995735607676,0.0,0.028089887640449437,0.0,0.07260726072607261,0.0
126011,명지·녹산(녹산),21120,강서구,구,874,0.769,12.49588918,7.538340841,8.749742086,1.938246031,0.0,872,0.0,44.0,2.0,8.0,0.0,417,3000,0.0,0.8405039984095409,0.9277837109291692,0.6725461105765467,0.9841644009374659,0.15262351589429335,0.8478048780487805,0.0,0.4019189765458422,0.1,0.0449438202247191,0.0,0.14521452145214522,0.0
226280,정주,21120,강서구,구,874,0.769,10.54296627,11.47269632,5.210054656,4.303646407,0.0,872,1.0,45.0,2.0,17.0,0.0,239,3000,0.0,0.8667530819783786,0.8840333443786482,0.8096292277626256,0.9589886871897015,0.15262351589429335,0.8478048780487805,0.04,0.21215351812366737,0.1,0.09550561797752809,0.0,0.1485148514851485,0.0
226020,신호,21120,강서구,구,874,0.769,11.07821305,9.980614752,8.123183252,4.021417739,0.0,872,0.0,65.0,5.0,20.0,0.0,405,3000,0.0,0.8595588720143144,0.9006254179397969,0.6968111452056622,0.9619925372901215,0.15262351589429335,0.8478048780487805,0.0,0.38912579957356075,0.25,0.11235955056179775,0.0,0.21452145214521454,0.0
226090,화전,21120,강서구,구,874,0.769,9.908436011,10.67929616,6.850906366,3.448737252,0.0,872,0.0,56.0,3.0,12.0,0.0,394,3000,0.0,0.875281753391961,0.8928560214363055,0.7460832023874676,0.9680877591206105,0.15262351589429335,0.8478048780487805,0.0,0.37739872068230274,0.15000000000000002,0.06741573033707865,0.0,0.18481848184818483,0.0
226210,부산명동,21120,강서구,구,874,0.769,9.775103512,11.24472421,5.43038842,3.20036986,0.0,872,0.0,25.0,0.0,5.0,0.0,199,3000,0.0,0.877073865047148,0.886568413573344,0.8010962598699035,0.9707312128161092,0.15262351589429335,0.8478048780487805,0.0,0.1695095948827292,0.0,0.028089887640449437,0.0,0.08250825082508251,0.0
226011,부산과학(산업),21120,강서구,구,874,0.769,10.76881646,10.77669365,5.958340567,3.600958584,0.0,872,0.0,25.0,0.0,9.0,0.0,159,3000,0.0,0.8637174472992054,0.8917729530884287,0.7806500121525329,0.966467618733546,0.15262351589429335,0.8478048780487805,0.0,0.12686567164179105,0.0,0.05056179775280899,0.0,0.08250825082508251,0.0
226150,부산신항배후(1단계),21120,강서구,구,874,0.769,6.829902997,13.3196552,2.612741352,4.263580832,0.0,872,0.0,33.0,0.0,0.0,0.0,222,3000,0.0,0.9166600740313102,0.8634950050153026,0.9102165849974968,0.9594151179358763,0.15262351589429335,0.8478048780487805,0.0,0.19402985074626866,0.0,0.0,0.0,0.10891089108910891,0.0
226160,생곡,21120,강서구,구,874,0.769,6.944420489,13.00003478,3.427442512,4.05946656,0.0,872,0.0,47.0,0.0,0.0,0.0,272,3000,0.0,0.9151208534086174,0.8670492111887586,0.8786652752289069,0.9615875715026568,0.15262351589429335,0.8478048780487805,0.0,0.24733475479744135,0.0,0.0,0.0,0.1551155115511551,0.0
126012,명지·녹산(명지),21120,강서구,구,874,0.769,11.02665705,11.36555683,8.949243976,6.388152371,0.0,872,1.0,73.0,6.0,31.0,0.0,391,3000,0.0,0.8602518321642237,0.8852247445926236,0.6648199083322671,0.9368026226284386,0.15262351589429335,0.8478048780487805,0.04,0.3742004264392324,0.30000000000000004,0.1741573033707865,0.0,0.24092409240924093,0.0
226200,풍상,21120,강서구,구,874,0.769,9.201643375,11.4064021,4.875855893,2.860204718,0.0,872,0.0,30.0,0.0,3.0,0.0,219,3000,0.0,0.8847816977436829,0.8847705417266414,0.8225718982943486,0.9743516993641165,0.15262351589429335,0.8478048780487805,0.0,0.1908315565031983,0.0,0.016853932584269662,0.0,0.09900990099009901,0.0
226180,강서보고,21120,강서구,구,874,0.769,10.01015401,11.76180886,5.313350014,4.193281673,0.0,872,1.0,42.0,2.0,17.0,0.0,243,3000,0.0,0.8739145697501826,0.8808183884177884,0.8056288605139581,0.9601633343992073,0.15262351589429335,0.8478048780487805,0.04,0.21641791044776118,0.1,0.09550561797752809,0.0,0.13861386138613863,0.0
226220,지사2,21120,강서구,구,874,0.769,11.3667858,11.27064162,4.909318413,4.833937527,0.0,872,1.0,53.0,2.0,19.0,0.0,248,3000,0.0,0.8556801883286181,0.8862802097764091,0.8212759797588237,0.9533446289678636,0.15262351589429335,0.8478048780487805,0.04,0.22174840085287847,0.1,0.10674157303370786,0.0,0.17491749174917492,0.0
226320,부산명서,21120,강서구,구,874,0.769,10.94233124,10.29678951,6.497690839,3.111128702,0.0,872,0.0,21.0,0.0,5.0,0.0,133,3000,0.0,0.8613852487585837,0.8971095278199651,0.7597623439606215,0.9716810350411846,0.15262351589429335,0.8478048780487805,0.0,0.09914712153518124,0.0,0.028089887640449437,0.0,0.06930693069306931,0.0
126010,명지·녹산,21120,강서구,구,874,0.769,12.09630385,8.438540604,8.719903369,2.661548971,0.0,872,0.0,38.0,1.0,5.0,0.0,391,3000,0.0,0.8458747934708021,0.9177734132297982,0.6737016884121844,0.9764660561011682,0.15262351589429335,0.8478048780487805,0.0,0.3742004264392324,0.05,0.028089887640449437,0.0,0.1254125412541254,0.0
12601A,녹산(산업),21120,강서구,구,874,0.769,13.45565254,6.473734346,9.494022933,1.771508899,0.0,872,0.0,78.0,4.0,22.0,0.0,429,3000,0.0,0.8276038944095585,0.9396222254296827,0.6437220009379578,0.9859390376327783,0.15262351589429335,0.8478048780487805,0.0,0.4147121535181236,0.2,0.12359550561797752,0.0,0.25742574257425743,0.0
226102,미음(외국인),21120,강서구,구,874,0.769,9.477026051,10.47598308,5.487576599,1.41331143,0.0,872,0.0,22.0,0.0,0.0,0.0,214,3000,0.0,0.88108030080747,0.895116880126374,0.798881506731795,0.9897514480121017,0.15262351589429335,0.8478048780487805,0.0,0.18550106609808104,0.0,0.0,0.0,0.07260726072607261,0.0
226101,미음(산업),21120,강서구,구,874,0.769,7.714492681,13.08740541,3.372842937,4.346202906,0.0,872,0.0,41.0,0.0,3.0,0.0,254,3000,0.0,0.9047703735108491,0.8660776423743356,0.8807797782990366,0.9585357447416485,0.15262351589429335,0.8478048780487805,0.0,0.2281449893390192,0.0,0.016853932584269662,0.0,0.1353135313531353,0.0
226010,부산과학,21120,강서구,구,874,0.769,10.79144768,11.10528611,5.490390167,4.070910032,0.0,872,1.0,39.0,2.0,17.0,0.0,199,3000,0.0,0.8634132628472727,0.8881189770693653,0.7987725443786262,0.9614657749652606,0.15262351589429335,0.8478048780487805,0.04,0.1695095948827292,0.1,0.09550561797752809,0.0,0.12871287128712872,0.0
326040,부산에코델타시티,21120,강서구,구,874,0.769,6.987758483,12.15136341,5.126458254,5.948022736,0.0,872,1.0,50.0,2.0,19.0,0.0,359,3000,0.0,0.9145383508324088,0.8764865087884838,0.8128667044038048,0.9414870632901949,0.15262351589429335,0.8478048780487805,0.04,0.34008528784648184,0.1,0.10674157303370786,0.0,0.16501650165016502,0.0
226310,강서해성,21120,강서구,구,874,0.769,11.63811268,9.7100439,6.747031889,3.200789255,0.0,872,0.0,15.0,0.0,3.0,0.0,112,3000,0.0,0.8520333050281442,0.9036341887578053,0.7501059974463052,0.9707267490608081,0.15262351589429335,0.8478048780487805,0.0,0.07675906183368869,0.0,0.016853932584269662,0.0,0.04950495049504951,0.0
326030,모라,21150,사상구,구,1646,0.769,4.419462477,13.51121807,0.294401705,9.176092744,9.0,332,9.0,124.0,6.0,62.0,12.0,494,3000,0.0,0.9490586158903908,0.8613648096568243,1.0,0.9071296803694308,0.30045959402527767,0.32097560975609757,0.36,0.4840085287846481,0.30000000000000004,0.348314606741573,0.9230769230769231,0.40924092409240925,0.375
226290,사상,21150,사상구,구,1646,0.769,5.410812937,9.039115289,2.772617119,6.846803697,8.0,332,17.0,130.0,9.0,64.0,5.0,421,3000,0.0,0.9357339521582491,0.9110949718052851,0.9040250020014595,0.9319210496775902,0.30045959402527767,0.32097560975609757,0.68,0.406183368869936,0.45,0.3595505617977528,0.38461538461538464,0.4290429042904291,0.3333333333333333
226260,오리,21510,기장군,군,501,0.555,26.8144786,15.77999975,4.990255002,10.29376223,1.0,243,4.0,64.0,2.0,22.0,4.0,429,7000,0.16461538461538458,0.6480489617314915,0.8361357649879027,0.8181415109296004,0.8952339660837462,0.08119494446572195,0.23414634146341462,0.16,0.4147121535181236,0.1,0.12359550561797752,0.3076923076923077,0.21122112211221122,0.041666666666666664
226250,반룡,21510,기장군,군,501,0.555,30.1383245,18.96646755,1.794927527,13.60917491,1.0,243,3.0,56.0,2.0,16.0,3.0,490,7000,0.16461538461538458,0.6033734098434562,0.8007019728469681,0.9418884403875278,0.8599469671324157,0.08119494446572195,0.23414634146341462,0.12,0.4797441364605543,0.1,0.0898876404494382,0.23076923076923078,0.18481848184818483,0.041666666666666664
226240,부산신소재,21510,기장군,군,501,0.555,28.89969502,17.50060669,3.235323766,12.16087872,1.0,243,3.0,40.0,2.0,10.0,3.0,384,7000,0.16461538461538458,0.6200217314770766,0.8170024699117028,0.8861055470304089,0.8753616473156821,0.08119494446572195,0.23414634146341462,0.12,0.3667377398720682,0.1,0.056179775280898875,0.23076923076923078,0.132013201320132,0.041666666666666664
226060,정관,21510,기장군,군,501,0.555,27.98012141,24.2350599,3.886173218,16.27343288,1.0,243,5.0,101.0,5.0,36.0,2.0,653,7000,0.16461538461538458,0.6323816482013818,0.7421147791507954,0.8608997983694288,0.8315904162992135,0.08119494446572195,0.23414634146341462,0.2,0.6535181236673774,0.25,0.20224719101123595,0.15384615384615385,0.3333333333333333,0.041666666666666664
226270,에코장안,21510,기장군,군,501,0.555,27.56228864,16.95713235,3.954612571,11.41932115,0.0,243,4.0,63.0,2.0,20.0,3.0,400,7000,0.16461538461538458,0.6379977056716322,0.8230459506578418,0.858249315796328,0.8832542820253197,0.08119494446572195,0.23414634146341462,0.16,0.38379530916844345,0.1,0.11235955056179775,0.23076923076923078,0.2079207920792079,0.0
226080,부산장안,21510,기장군,군,501,0.555,30.15413689,18.56327038,2.458881728,13.30912666,0.0,243,3.0,46.0,2.0,13.0,3.0,428,7000,0.16461538461538458,0.6031608767504151,0.8051855595675347,0.9161751780326446,0.8631404767509826,0.08119494446572195,0.23414634146341462,0.12,0.4136460554371002,0.1,0.07303370786516854,0.23076923076923078,0.15181518151815182,0.0
226190,정관코리,21510,기장군,군,501,0.555,28.92341104,23.3558328,2.810650945,17.40569079,0.0,243,5.0,103.0,5.0,38.0,3.0,661,7000,0.16461538461538458,0.6197029663134785,0.7518918590591743,0.9025520483778134,0.8195394327447906,0.08119494446572195,0.23414634146341462,0.2,0.662046908315565,0.25,0.21348314606741572,0.23076923076923078,0.33993399339933994,0.0
226070,기룡,21510,기장군,군,501,0.555,27.36263461,17.00775051,4.080246156,11.42740223,0.0,243,4.0,62.0,2.0,21.0,3.0,396,7000,0.16461538461538458,0.6406812398201077,0.8224830724263414,0.8533838456677799,0.8831682725028234,0.08119494446572195,0.23414634146341462,0.16,0.37953091684434964,0.1,0.11797752808988764,0.23076923076923078,0.20462046204620463,0.0
226110,기룡2,21510,기장군,군,501,0.555,27.09247117,16.75303213,4.35635942,11.16345767,0.0,243,4.0,62.0,2.0,21.0,4.0,395,7000,0.16461538461538458,0.6443124854148479,0.8253155624114576,0.842690679202078,0.8859775189861085,0.08119494446572195,0.23414634146341462,0.16,0.3784648187633262,0.1,0.11797752808988764,0.3076923076923077,0.20462046204620463,0.0
226120,명례,21510,기장군,군,501,0.555,26.32570962,16.43827575,4.802908116,10.77887133,0.0,243,4.0,58.0,3.0,20.0,4.0,388,7000,0.16461538461538458,0.6546184672333116,0.8288156800476544,0.8253969806951851,0.8900707945708167,0.08119494446572195,0.23414634146341462,0.16,0.371002132196162,0.15000000000000002,0.11235955056179775,0.3076923076923077,0.19141914191419143,0.0
426010,정관,21510,기장군,군,501,0.555,28.49701434,23.69079258,3.679307418,16.42550866,0.0,243,6.0,94.0,3.0,42.0,1.0,657,7000,0.16461538461538458,0.625434130894766,0.7481670779017772,0.8689111861724449,0.8299718250686996,0.08119494446572195,0.23414634146341462,0.24,0.6577825159914712,0.15000000000000002,0.23595505617977527,0.07692307692307693,0.3102310231023102,0.0
226230,동남권방사선,21510,기장군,군,501,0.555,31.35601664,20.03658646,1.270291262,14.74507874,0.0,243,5.0,86.0,5.0,31.0,4.0,558,7000,0.16461538461538458,0.5870065053536232,0.7888021598242151,0.9622062724044248,0.8478571788837861,0.08119494446572195,0.23414634146341462,0.2,0.5522388059701493,0.25,0.1741573033707865,0.3076923076923077,0.2838283828382838,0.0
226170,동부산E-PARK,21510,기장군,군,501,0.555,26.58841504,16.06829375,4.941267503,10.48961916,0.0,243,4.0,62.0,2.0,20.0,4.0,409,7000,0.16461538461538458,0.6510874643000896,0.8329299112612533,0.8200386725289991,0.8931493980523779,0.08119494446572195,0.23414634146341462,0.16,0.39339019189765456,0.1,0.11235955056179775,0.3076923076923077,0.20462046204620463,0.0
231060,울산 High Tech Valley,26510,울주군,군,978,0.39,25.44905016,30.3450642,2.555812441,22.18396487,0.0,386,1.0,60.0,3.0,23.0,0.0,492,7000,0.2915384615384615,0.6664015782353491,0.6741710132208789,0.9124212973434931,0.768682731415492,0.17253925698965913,0.37365853658536585,0.04,0.48187633262260127,0.15000000000000002,0.1292134831460674,0.0,0.19801980198019803,0.0
231040,길천,26510,울주군,군,978,0.39,24.84086459,34.244192,5.883664071,25.87028071,8.0,386,1.0,50.0,4.0,22.0,0.0,375,7000,0.2915384615384615,0.6745761527516013,0.6308123814480615,0.7835420434560465,0.7294480913463852,0.17253925698965913,0.37365853658536585,0.04,0.3571428571428571,0.2,0.12359550561797752,0.0,0.16501650165016502,0.3333333333333333
131010,온산,26510,울주군,군,978,0.39,18.02303062,5.78450822,7.795526732,0.450402137,0.0,386,1.0,86.0,0.0,24.0,2.0,292,7000,0.2915384615384615,0.7662141240819644,0.9472864783955484,0.7095004512577345,1.0,0.17253925698965913,0.37365853658536585,0.04,0.26865671641791045,0.0,0.1348314606741573,0.15384615384615385,0.2838283828382838,0.0
231030,신,26510,울주군,군,978,0.39,13.48404578,7.230426414,4.605963116,0.998925266,8.0,386,4.0,157.0,2.0,43.0,3.0,516,7000,0.2915384615384615,0.8272222630990067,0.9312077454678247,0.8330241610742763,0.9941618926673697,0.17253925698965913,0.37365853658536585,0.16,0.5074626865671642,0.1,0.24157303370786515,0.23076923076923078,0.5181518151815182,0.3333333333333333
231120,와지,26510,울주군,군,978,0.39,24.40162618,22.5421992,8.794263171,15.42331864,8.0,386,3.0,94.0,4.0,28.0,0.0,585,7000,0.2915384615384615,0.6804799217491873,0.7609395336853797,0.6708219218641253,0.8406384544141521,0.17253925698965913,0.37365853658536585,0.12,0.5810234541577826,0.2,0.15730337078651685,0.0,0.3102310231023102,0.3333333333333333
431040,상북,26510,울주군,군,978,0.39,25.20733674,34.94557143,6.664952594,26.41126538,0.0,386,1.0,40.0,4.0,22.0,0.0,321,7000,0.2915384615384615,0.6696504293440134,0.6230129827111444,0.7532847203808994,0.723690218247168,0.17253925698965913,0.37365853658536585,0.04,0.2995735607675906,0.2,0.12359550561797752,0.0,0.132013201320132,0.0
431020,두동,26510,울주군,군,978,0.39,18.0614517,30.94625731,1.535793195,22.6484599,4.0,386,0.0,4.0,0.0,0.0,0.0,120,7000,0.2915384615384615,0.7656977093609527,0.6674856948579247,0.9519240558770267,0.7637389620514596,0.17253925698965913,0.37365853658536585,0.0,0.08528784648187634,0.0,0.0,0.0,0.013201320132013201,0.16666666666666666
431030,두서,26510,울주군,군,978,0.39,18.36903573,31.02159537,5.009665126,21.86975,4.0,386,0.0,8.0,0.0,0.0,0.0,212,7000,0.2915384615384615,0.7615634965527729,0.6666479292422354,0.8173898060529673,0.7720270209077378,0.17253925698965913,0.37365853658536585,0.0,0.18336886993603413,0.0,0.0,0.0,0.026402640264026403,0.16666666666666666
231230,울산청양,26510,울주군,군,978,0.39,16.36964238,8.678887339,4.042107844,3.15853995,8.0,386,1.0,100.0,0.0,26.0,4.0,409,7000,0.2915384615384615,0.7884371856586722,0.9151007371557633,0.8548608457692197,0.9711764219447369,0.17253925698965913,0.37365853658536585,0.04,0.39339019189765456,0.0,0.14606741573033707,0.3076923076923077,0.33003300330033003,0.3333333333333333
231090,KCC울산,26510,울주군,군,978,0.39,18.6875165,31.56532054,1.517133836,22.95125433,0.0,386,0.0,6.0,0.0,0.0,0.0,139,7000,0.2915384615384615,0.7572828215174241,0.6606016592452266,0.95264668552922,0.7605162239596579,0.17253925698965913,0.37365853658536585,0.0,0.10554371002132196,0.0,0.0,0.0,0.019801980198019802,0.0
231080,봉계,26510,울주군,군,978,0.39,18.29648562,31.17561584,1.439674112,22.93445051,0.0,386,0.0,4.0,0.0,0.0,0.0,110,7000,0.2915384615384615,0.7625386368875844,0.6649352085552638,0.9556465041946476,0.7606950723975296,0.17253925698965913,0.37365853658536585,0.0,0.07462686567164178,0.0,0.0,0.0,0.013201320132013201,0.0
231140,작동,26510,울주군,군,978,0.39,19.94057086,20.89333277,7.275118674,12.96012674,4.0,386,0.0,22.0,0.0,3.0,0.0,336,7000,0.2915384615384615,0.7404406162037815,0.7792750682069539,0.7296545355406491,0.8668549946706808,0.17253925698965913,0.37365853658536585,0.0,0.3155650319829424,0.0,0.016853932584269662,0.0,0.07260726072607261,0.16666666666666666
231130,반천,26510,울주군,군,978,0.39,18.72047854,26.59131014,1.41750504,18.43556801,4.0,386,1.0,70.0,2.0,24.0,0.0,499,7000,0.2915384615384615,0.7568397813246295,0.7159130766775467,0.9565050561303712,0.8085781196626016,0.17253925698965913,0.37365853658536585,0.04,0.48933901918976547,0.1,0.1348314606741573,0.0,0.23102310231023102,0.16666666666666666
231190,GW,26510,울주군,군,978,0.39,21.71671306,17.30412593,4.326069366,10.79346639,0.0,386,3.0,96.0,2.0,30.0,2.0,560,7000,0.2915384615384615,0.7165676282843869,0.8191873526240067,0.8438637361750929,0.889915454673005,0.17253925698965913,0.37365853658536585,0.12,0.5543710021321961,0.1,0.16853932584269662,0.15384615384615385,0.31683168316831684,0.0
231110,전읍,26510,울주군,군,978,0.39,18.16238034,30.78891086,5.292555823,21.6085979,0.0,386,0.0,8.0,0.0,0.0,0.0,215,7000,0.2915384615384615,0.764341135431545,0.6692354007245316,0.8064341667953782,0.7748065463449263,0.17253925698965913,0.37365853658536585,0.0,0.1865671641791045,0.0,0.0,0.0,0.026402640264026403,0.0
231210,에너지융합,26510,울주군,군,978,0.39,26.71458218,13.35221592,8.003951838,8.658231622,0.0,386,0.0,50.0,1.0,8.0,2.0,315,7000,0.2915384615384615,0.6493916616728874,0.8631329270478305,0.7014286754878837,0.9126414421417084,0.17253925698965913,0.37365853658536585,0.0,0.29317697228144984,0.05,0.0449438202247191,0.15384615384615385,0.16501650165016502,0.0
231240,머거본,26510,울주군,군,978,0.39,26.11287387,29.91780474,1.178204309,21.85259371,0.0,386,0.0,32.0,1.0,5.0,0.0,374,7000,0.2915384615384615,0.657479175845812,0.6789221746466707,0.9657725665530038,0.772209620796702,0.17253925698965913,0.37365853658536585,0.0,0.35607675906183367,0.05,0.028089887640449437,0.0,0.10561056105610561,0.0
231270,대대,26510,울주군,군,978,0.39,21.88621757,18.82539663,6.204616295,11.87123443,0.0,386,2.0,70.0,2.0,20.0,0.0,535,7000,0.2915384615384615,0.7142893314681114,0.8022706934398486,0.7711123777853337,0.878444424255984,0.17253925698965913,0.37365853658536585,0.08,0.5277185501066098,0.1,0.11235955056179775,0.0,0.23102310231023102,0.0
231260,울산KTX역세권,26510,울주군,군,978,0.39,20.67962726,27.5319655,0.68483691,19.31164695,0.0,386,1.0,69.0,3.0,23.0,0.0,515,7000,0.2915384615384615,0.7305070171321806,0.7054529093089966,0.9848794346904844,0.7992537309300766,0.17253925698965913,0.37365853658536585,0.04,0.5063965884861408,0.15000000000000002,0.1292134831460674,0.0,0.22772277227722773,0.0
231250,울산도하,26510,울주군,군,978,0.39,13.85109294,7.766126705,3.987023393,0.716887063,0.0,386,4.0,139.0,1.0,39.0,4.0,512,7000,0.2915384615384615,0.8222888110271354,0.9252507128057866,0.8569941268571388,0.997163715587796,0.17253925698965913,0.37365853658536585,0.16,0.5031982942430704,0.05,0.2191011235955056,0.3076923076923077,0.45874587458745875,0.0
248600,나전,38070,김해시,시,5299,0.476,13.52925829,26.02570151,1.545779227,8.307005939,0.0,1028,1.0,68.0,4.0,18.0,2.0,292,5000,0.2253846153846154,0.8266145653003533,0.722202692605421,0.9515373221831762,0.9163796495698412,0.9999999999999999,1.0,0.04,0.26865671641791045,0.2,0.10112359550561797,0.15384615384615385,0.22442244224422442,0.0
248830,김해테크노밸리,38070,김해시,시,5299,0.476,18.39091948,17.79129818,1.741162697,6.625891133,0.0,1028,2.0,50.0,1.0,12.0,0.0,297,5000,0.2253846153846154,0.7612693587864493,0.8137699558929519,0.943970615900799,0.9342722928459681,0.9999999999999999,1.0,0.08,0.2739872068230277,0.05,0.06741573033707865,0.0,0.16501650165016502,0.0
448030,내삼,38070,김해시,시,5299,0.476,13.09011355,16.03072445,1.679996239,10.34125062,0.0,1028,6.0,139.0,6.0,41.0,0.0,514,5000,0.2253846153846154,0.8325170752868204,0.8333476850630409,0.9463394376952904,0.8947285319402868,0.9999999999999999,1.0,0.24,0.5053304904051173,0.30000000000000004,0.2303370786516854,0.0,0.45874587458745875,0.0
248720,오척,38070,김해시,시,5299,0.476,21.4138651,17.42238352,1.341719344,8.064516921,0.0,1028,4.0,94.0,2.0,30.0,0.0,440,5000,0.2253846153846154,0.7206381839473814,0.8178723181952426,0.9594400439368499,0.9189605378482424,0.9999999999999999,1.0,0.16,0.42643923240938164,0.1,0.16853932584269662,0.0,0.3102310231023102,0.0
248510,주호,38070,김해시,시,5299,0.476,23.46876129,21.82490733,3.105359657,5.597240477,0.0,1028,3.0,82.0,2.0,25.0,0.0,448,5000,0.2253846153846154,0.6930184855248789,0.768915880104434,0.8911387273708639,0.9452205512146841,0.9999999999999999,1.0,0.12,0.43496801705756927,0.1,0.1404494382022472,0.0,0.2706270627062706,0.0
248AG0,본산,38070,김해시,시,5299,0.476,23.72148137,22.39570776,3.408229418,5.352053051,0.0,1028,3.0,74.0,2.0,25.0,0.0,437,5000,0.2253846153846154,0.6896216947629521,0.7625685309203074,0.8794093496333265,0.9478301595136248,0.9999999999999999,1.0,0.12,0.42324093816631125,0.1,0.1404494382022472,0.0,0.24422442244224424,0.0
248710,나전2,38070,김해시,시,5299,0.476,13.45984186,25.43886097,2.100681386,7.93605479,0.0,1028,2.0,77.0,4.0,24.0,3.0,333,5000,0.2253846153846154,0.8275475860882144,0.7287284091729112,0.9300473688487922,0.9203278014499136,0.9999999999999999,1.0,0.08,0.31236673773987206,0.2,0.1348314606741573,0.23076923076923078,0.25412541254125415,0.0
248890,이노비즈밸리,38070,김해시,시,5299,0.476,13.37934405,19.31512485,4.41769348,7.642554388,0.0,1028,7.0,159.0,12.0,63.0,4.0,602,5000,0.2253846153846154,0.8286295508349941,0.7968248741056535,0.8403153666071809,0.9234516202251947,0.9999999999999999,1.0,0.28,0.5991471215351812,0.6000000000000001,0.3539325842696629,0.3076923076923077,0.5247524752475248,0.0
448650,하계,38070,김해시,시,5299,0.476,22.11049626,17.55714988,0.675927275,8.396072972,0.0,1028,4.0,97.0,2.0,30.0,0.0,439,5000,0.2253846153846154,0.7112748191971074,0.816373704844174,0.9852244822583683,0.915431680612906,0.9999999999999999,1.0,0.16,0.42537313432835816,0.1,0.16853932584269662,0.0,0.3201320132013201,0.0
448060,병동,38070,김해시,시,5299,0.476,17.44718015,19.91929307,2.165512154,4.66627883,0.0,1028,2.0,37.0,0.0,1.0,0.0,262,5000,0.2253846153846154,0.7739540850567601,0.7901064722672172,0.9275366376210331,0.9551290741746126,0.9999999999999999,1.0,0.08,0.23667377398720682,0.0,0.0056179775280898875,0.0,0.12211221122112212,0.0
448020,봉림,38070,김해시,시,5299,0.476,19.46070584,27.52608507,5.565844295,4.078203098,0.0,1028,0.0,8.0,0.0,2.0,0.0,130,5000,0.2253846153846154,0.7468904442780202,0.7055183001892431,0.7958503973598999,0.9613881525281365,0.9999999999999999,1.0,0.0,0.09594882729211088,0.0,0.011235955056179775,0.0,0.026402640264026403,0.0
448500,안하,38070,김해시,시,5299,0.476,16.60681544,23.51775733,2.000014421,3.626542307,0.0,1028,1.0,31.0,0.0,6.0,1.0,240,5000,0.2253846153846154,0.7852493611724425,0.7500912445547572,0.9339459451024199,0.9661953229761828,0.9999999999999999,1.0,0.04,0.21321961620469085,0.0,0.033707865168539325,0.07692307692307693,0.10231023102310231,0.0
248910,덕암2,38070,김해시,시,5299,0.476,14.49574811,18.67938747,4.002200836,7.195515515,9.0,1028,2.0,77.0,2.0,16.0,2.0,361,5000,0.2253846153846154,0.8136240514794002,0.8038943276802801,0.8564063429811614,0.9282095981197459,0.9999999999999999,1.0,0.08,0.34221748400852875,0.1,0.0898876404494382,0.15384615384615385,0.25412541254125415,0.375
448010,나전,38070,김해시,시,5299,0.476,14.82915156,25.95540328,1.981192973,6.893072934,9.0,1028,1.0,55.0,3.0,17.0,2.0,246,5000,0.2253846153846154,0.8091428018732963,0.7229844148841448,0.9346748520505105,0.931428591369957,0.9999999999999999,1.0,0.04,0.21961620469083157,0.15000000000000002,0.09550561797752809,0.15384615384615385,0.18151815181518152,0.375
448050,진영죽곡,38070,김해시,시,5299,0.476,19.32820077,19.35176534,1.412407584,5.165851866,14.0,1028,3.0,84.0,2.0,25.0,0.0,392,5000,0.2253846153846154,0.7486714345249547,0.7964174287498267,0.9567024676736267,0.9498119583585974,0.9999999999999999,1.0,0.12,0.37526652452025583,0.1,0.1404494382022472,0.0,0.27722772277227725,0.5833333333333333
248850,서김해,38070,김해시,시,5299,0.476,9.437326195,16.68786825,1.490955054,10.25517748,14.0,1028,15.0,250.0,20.0,117.0,5.0,978,5000,0.2253846153846154,0.8816139034563399,0.8260401902828006,0.9536605233642446,0.895644635935195,0.9999999999999999,1.0,0.6,1.0,1.0,0.6573033707865168,0.38461538461538464,0.8250825082508251,0.5833333333333333
248880,김해가산,38070,김해시,시,5299,0.476,22.3179571,22.13329307,2.132665928,4.193425489,14.0,1028,3.0,80.0,2.0,24.0,0.0,423,5000,0.2253846153846154,0.7084863543280968,0.7654866045252524,0.9288086886529171,0.9601618037194606,0.9999999999999999,1.0,0.12,0.4083155650319829,0.1,0.1348314606741573,0.0,0.264026402640264,0.5833333333333333
248AM0,AM하이테크,38070,김해시,시,5299,0.476,16.20542275,14.11733984,2.383734501,10.55649778,0.0,1028,1.0,57.0,1.0,20.0,0.0,230,5000,0.2253846153846154,0.7906444488176227,0.8546246841767314,0.9190854395539705,0.8924375874810899,0.9999999999999999,1.0,0.04,0.2025586353944563,0.05,0.11235955056179775,0.0,0.18811881188118812,0.0
448550,본산,38070,김해시,시,5299,0.476,22.73219496,22.55343684,2.616247395,4.245736357,9.0,1028,3.0,80.0,2.0,26.0,0.0,428,5000,0.2253846153846154,0.7029186157610294,0.7608145701756543,0.9100808048437593,0.9596050423981946,0.9999999999999999,1.0,0.12,0.4136460554371002,0.1,0.14606741573033707,0.0,0.264026402640264,0.375
248010,덕암,38070,김해시,시,5299,0.476,14.10494482,18.72220978,4.226605311,7.44304923,0.0,1028,3.0,116.0,5.0,31.0,3.0,474,5000,0.2253846153846154,0.8188768078302316,0.8034181399618494,0.8477157267751125,0.9255750175155527,0.9999999999999999,1.0,0.12,0.46268656716417905,0.25,0.1741573033707865,0.23076923076923078,0.38283828382838286,0.0
248920,김해사이언스파크,38070,김해시,시,5299,0.476,16.61704094,20.94262039,1.104224896,4.275268261,5.0,1028,2.0,34.0,0.0,1.0,0.0,224,5000,0.2253846153846154,0.785111921029435,0.7787269856930803,0.9686376015997951,0.9592907248859992,0.9999999999999999,1.0,0.08,0.19616204690831557,0.0,0.0056179775280898875,0.0,0.11221122112211221,0.20833333333333331
248B60,하계,38070,김해시,시,5299,0.476,22.61197898,17.78690079,0.434337236,8.552040615,14.0,1028,4.0,99.0,2.0,30.0,0.0,452,5000,0.2253846153846154,0.7045344293137157,0.8138188552426401,0.9945806517739422,0.9137716670380703,0.9999999999999999,1.0,0.16,0.4392324093816631,0.1,0.16853932584269662,0.0,0.32673267326732675,0.5833333333333333
248640,김해명동,38070,김해시,시,5299,0.476,17.68789001,21.01823926,1.176829463,3.644318623,14.0,1028,2.0,36.0,0.0,1.0,0.0,254,5000,0.2253846153846154,0.7707187227192968,0.7778860974463789,0.965825810851846,0.9660061239519302,0.9999999999999999,1.0,0.08,0.2281449893390192,0.0,0.0056179775280898875,0.0,0.1188118811881188,0.5833333333333333
248A50,병동,38070,김해시,시,5299,0.476,17.98086862,20.76193386,1.616397462,3.762098201,0.0,1028,2.0,37.0,0.0,1.0,0.0,270,5000,0.2253846153846154,0.7667808202151105,0.7807362352284708,0.9488024570360638,0.9647525581830456,0.9999999999999999,1.0,0.08,0.24520255863539445,0.0,0.0056179775280898875,0.0,0.12211221122112212,0.0
248AK0,이지(Eco-Zone),38070,김해시,시,5299,0.476,10.40673376,17.51720521,0.94331255,11.45192537,0.0,1028,15.0,243.0,20.0,116.0,7.0,902,5000,0.2253846153846154,0.8685841724538252,0.8168178929617875,0.9748693286716412,0.8829072648699927,0.9999999999999999,1.0,0.6,0.9189765458422176,1.0,0.651685393258427,0.5384615384615385,0.801980198019802,0.0
248AX0,원지,38070,김해시,시,5299,0.476,12.91391545,19.48433628,4.132779779,7.94876623,0.0,1028,8.0,168.0,13.0,66.0,5.0,628,5000,0.2253846153846154,0.8348853401209763,0.7949432286553243,0.8513493516791629,0.9201925095230122,0.9999999999999999,1.0,0.32,0.6268656716417911,0.65,0.3707865168539326,0.38461538461538464,0.5544554455445545,0.0
248240,김해GoldenRoot,38070,김해시,시,5299,0.476,10.84500338,16.10944829,1.9463303,11.0900248,0.0,1028,12.0,216.0,15.0,87.0,3.0,845,5000,0.2253846153846154,0.8626934248865991,0.8324722692866454,0.9360249949608066,0.8867590885392187,0.9999999999999999,1.0,0.48,0.8582089552238806,0.75,0.4887640449438202,0.23076923076923078,0.7128712871287128,0.0
248960,신천,38070,김해시,시,5299,0.476,14.25091995,20.77951345,3.084632405,6.219509345,0.0,1028,4.0,110.0,5.0,36.0,3.0,457,5000,0.2253846153846154,0.8169147675639613,0.7805407486969631,0.8919414412745774,0.9385975443639768,0.9999999999999999,1.0,0.16,0.4445628997867804,0.25,0.20224719101123595,0.23076923076923078,0.36303630363036304,0.0
248AT0,김해대동첨단,38070,김해시,시,5299,0.476,11.54508678,22.18881048,0.787963049,4.518254402,0.0,1028,4.0,88.0,3.0,52.0,6.0,457,5000,0.2253846153846154,0.8532836588494154,0.7648692462183074,0.9808856208645318,0.9567045455682995,0.9999999999999999,1.0,0.16,0.4445628997867804,0.15000000000000002,0.29213483146067415,0.46153846153846156,0.29042904290429045,0.0
248120,사포,38080,밀양시,시,586,-0.18,36.79071989,35.05554371,6.16693141,3.563746634,0.0,94,3.0,66.0,7.0,34.0,0.0,270,5000,0.73,0.513959085483331,0.6217900816321551,0.7725718178089968,0.9668636774349403,0.09747223286097281,0.08878048780487804,0.12,0.24520255863539445,0.35000000000000003,0.19101123595505617,0.0,0.21782178217821782,0.0
148090,밀양나노,38080,밀양시,시,586,-0.18,39.64285638,37.91238093,4.830764392,4.22926397,0.0,94,3.0,71.0,7.0,33.0,0.0,306,5000,0.73,0.4756237427555728,0.5900218094927143,0.8243181777718219,0.9597803632885021,0.09747223286097281,0.08878048780487804,0.12,0.2835820895522388,0.35000000000000003,0.1853932584269663,0.0,0.23432343234323433,0.0
248AI0,용전3,38080,밀양시,시,586,-0.18,29.50780151,36.53129818,10.34755215,7.49041234,0.0,94,0.0,11.0,0.0,4.0,0.0,108,5000,0.73,0.6118482198688981,0.6053795667852657,0.6106669789933358,0.9250709167672556,0.09747223286097281,0.08878048780487804,0.0,0.07249466950959488,0.0,0.02247191011235955,0.0,0.036303630363036306,0.0
448640,제대,38080,밀양시,시,586,-0.18,38.96872282,36.63811094,4.474005362,4.363697362,0.0,94,3.0,69.0,7.0,33.0,0.0,292,5000,0.73,0.48468471902984767,0.6041917998365963,0.8381345502295114,0.9583495456436448,0.09747223286097281,0.08878048780487804,0.12,0.26865671641791045,0.35000000000000003,0.1853932584269663,0.0,0.22772277227722773,0.0
448090,상남특별,38080,밀양시,시,586,-0.18,30.92246828,32.27481915,11.16689844,5.89207569,0.0,94,0.0,7.0,0.0,2.0,0.0,109,5000,0.73,0.5928337948357116,0.6527119745382223,0.5789357751203291,0.9420825256184419,0.09747223286097281,0.08878048780487804,0.0,0.07356076759061833,0.0,0.011235955056179775,0.0,0.023102310231023104,0.0
448110,하남,38080,밀양시,시,586,-0.18,30.25413379,27.18856678,10.73151185,10.12710914,0.0,94,0.0,7.0,1.0,5.0,0.0,120,5000,0.73,0.6018168262652249,0.709271532194796,0.5957971935699851,0.897007708293137,0.09747223286097281,0.08878048780487804,0.0,0.08528784648187634,0.05,0.028089887640449437,0.0,0.023102310231023104,0.0
448800,대미,38080,밀양시,시,586,-0.18,28.50343641,34.16783373,11.62552245,7.58919142,0.0,94,0.0,14.0,0.0,5.0,0.0,127,5000,0.73,0.625347812355897,0.6316614918854623,0.56117443032634,0.9240195793837075,0.09747223286097281,0.08878048780487804,0.0,0.09275053304904052,0.0,0.028089887640449437,0.0,0.04620462046204621,0.0
448700,춘화,38080,밀양시,시,586,-0.18,40.83917242,41.37507959,5.457803039,7.443480646,0.0,94,1.0,41.0,2.0,15.0,0.0,234,5000,0.73,0.45954415274825355,0.5515163067648561,0.800034561202067,0.925570425816899,0.09747223286097281,0.08878048780487804,0.04,0.2068230277185501,0.1,0.08426966292134831,0.0,0.1353135313531353,0.0
248310,용전,38080,밀양시,시,586,-0.18,28.68215595,35.24960397,11.20211997,7.771104893,0.0,94,0.0,12.0,0.0,4.0,0.0,116,5000,0.73,0.6229456570445826,0.619632115085104,0.5775717345885178,0.9220834160307388,0.09747223286097281,0.08878048780487804,0.0,0.0810234541577825,0.0,0.02247191011235955,0.0,0.039603960396039604,0.0
448780,미전,38080,밀양시,시,586,-0.18,27.8083222,33.25047383,12.4128031,8.231798399,0.0,94,0.0,12.0,0.0,5.0,0.0,134,5000,0.73,0.6346907879002703,0.6418626117634125,0.5306850473690763,0.9171801075041193,0.09747223286097281,0.08878048780487804,0.0,0.10021321961620469,0.0,0.028089887640449437,0.0,0.039603960396039604,0.0
448100,초동특별,38080,밀양시,시,586,-0.18,37.00511585,27.91693387,8.90403475,12.00484443,0.0,94,0.0,2.0,0.0,0.0,0.0,77,5000,0.73,0.5110774062106652,0.7011720283901891,0.666570747000429,0.8770223702358831,0.09747223286097281,0.08878048780487804,0.0,0.039445628997867806,0.0,0.0,0.0,0.006600660066006601,0.0
248380,밀양하남,38080,밀양시,시,586,-0.18,30.29286188,26.82288527,10.64555993,10.20460168,0.0,94,0.0,7.0,1.0,5.0,0.0,137,5000,0.73,0.6012962850468971,0.7133379415949234,0.5991258934494906,0.8961829303720622,0.09747223286097281,0.08878048780487804,0.0,0.10341151385927505,0.05,0.028089887640449437,0.0,0.023102310231023104,0.0
448080,부북특별,38080,밀양시,시,586,-0.18,40.6433514,39.71141304,5.070826023,4.675093199,0.0,94,3.0,70.0,7.0,32.0,0.0,322,5000,0.73,0.46217616771013187,0.5700164198758455,0.8150211996219027,0.955035260022445,0.09747223286097281,0.08878048780487804,0.12,0.30063965884861404,0.35000000000000003,0.1797752808988764,0.0,0.23102310231023102,0.0
248410,덕계,38100,양산시,시,1556,0.39,29.2171985,23.64637673,6.987865736,15.19450759,0.0,433,4.0,96.0,4.0,46.0,0.0,586,5000,0.2915384615384615,0.6157541921199206,0.7486609859201361,0.7407791133291177,0.8430737636986069,0.283224818077365,0.4195121951219512,0.16,0.582089552238806,0.2,0.2584269662921348,0.0,0.31683168316831684,0.0
248220,산막,38100,양산시,시,1556,0.39,23.86782815,32.40087344,1.658770159,7.860080704,0.0,433,5.0,87.0,4.0,37.0,1.0,344,5000,0.2915384615384615,0.6876546591781986,0.6513102401443166,0.9471614699423696,0.9211364179787646,0.283224818077365,0.4195121951219512,0.2,0.32409381663113,0.2,0.20786516853932585,0.07692307692307693,0.2871287128712871,0.0
248A90,양산석계2,38100,양산시,시,1556,0.39,28.71530785,30.81844475,4.300295554,12.66475325,1.0,433,0.0,15.0,0.0,5.0,0.0,165,5000,0.2915384615384615,0.622500064958428,0.6689069813633276,0.8448618905490592,0.8699987493214233,0.283224818077365,0.4195121951219512,0.0,0.13326226012793177,0.0,0.028089887640449437,0.0,0.04950495049504951,0.041666666666666664
248040,양산,38100,양산시,시,1556,0.39,22.51747721,32.22211787,2.115726962,6.547087735,0.0,433,5.0,135.0,9.0,67.0,2.0,404,5000,0.2915384615384615,0.7058046201878313,0.6532980172407662,0.9294646918472979,0.935111022648554,0.283224818077365,0.4195121951219512,0.2,0.38805970149253727,0.45,0.37640449438202245,0.15384615384615385,0.44554455445544555,0.0
448150,웅상,38100,양산시,시,1556,0.39,29.1206697,24.190294,8.239659087,14.66303664,0.0,433,3.0,89.0,3.0,34.0,0.0,518,5000,0.2915384615384615,0.6170516281451855,0.7426125797548379,0.6923003315097052,0.8487303792289885,0.283224818077365,0.4195121951219512,0.12,0.5095948827292112,0.15000000000000002,0.19101123595505617,0.0,0.29372937293729373,0.0
248A30,양산용당,38100,양산시,시,1556,0.39,22.83838059,19.57305594,6.570406427,12.76217339,7.0,433,2.0,65.0,2.0,18.0,0.0,423,5000,0.2915384615384615,0.7014913830415977,0.793956658512907,0.7569462536509022,0.8689618755715109,0.283224818077365,0.4195121951219512,0.08,0.4083155650319829,0.1,0.10112359550561797,0.0,0.21452145214521454,0.29166666666666663
248050,어곡,38100,양산시,시,1556,0.39,23.09305022,33.39668171,3.038246328,7.482425556,8.0,433,5.0,91.0,4.0,41.0,1.0,351,5000,0.2915384615384615,0.6980683885311207,0.64023676773973,0.8937378563973651,0.9251559226672248,0.283224818077365,0.4195121951219512,0.2,0.3315565031982942,0.2,0.2303370786516854,0.07692307692307693,0.30033003300330036,0.3333333333333333
248980,토정,38100,양산시,시,1556,0.39,22.28645023,32.57312534,3.272690188,6.653224773,0.0,433,5.0,133.0,9.0,68.0,2.0,420,5000,0.2915384615384615,0.7089098356951224,0.6493947844097628,0.8846584402710841,0.9339813721615433,0.283224818077365,0.4195121951219512,0.2,0.4051172707889126,0.45,0.38202247191011235,0.15384615384615385,0.4389438943894389,0.0
248A80,서창,38100,양산시,시,1556,0.39,25.55496503,22.88620917,9.53409393,16.07124756,0.0,433,3.0,75.0,2.0,20.0,0.0,479,5000,0.2915384615384615,0.6649779847798283,0.7571141136477476,0.6421701528479377,0.8337423394120895,0.283224818077365,0.4195121951219512,0.12,0.4680170575692963,0.1,0.11235955056179775,0.0,0.24752475247524752,0.0
248660,덕계경동스마트밸리,38100,양산시,시,1556,0.39,28.6990025,24.63983558,8.480115428,14.2128089,0.0,433,3.0,84.0,3.0,34.0,0.0,524,5000,0.2915384615384615,0.6227192238881418,0.7376136392651749,0.6829880672425072,0.8535222972562913,0.283224818077365,0.4195121951219512,0.12,0.5159914712153518,0.15000000000000002,0.19101123595505617,0.0,0.27722772277227725,0.0
248500,양산유산,38100,양산시,시,1556,0.39,21.85598467,31.76377988,2.88331046,5.961874143,5.0,433,5.0,147.0,11.0,74.0,2.0,448,5000,0.2915384615384615,0.7146956895043476,0.658394774555544,0.8997381296331777,0.9413396383294255,0.283224818077365,0.4195121951219512,0.2,0.43496801705756927,0.55,0.4157303370786517,0.15384615384615385,0.48514851485148514,0.20833333333333331
248700,어곡2,38100,양산시,시,1556,0.39,24.17650019,34.80628492,3.977298086,8.864858215,6.0,433,1.0,38.0,2.0,12.0,0.0,211,5000,0.2915384615384615,0.6835058225129953,0.624561860513511,0.8573707633329621,0.9104422491379259,0.283224818077365,0.4195121951219512,0.04,0.18230277185501068,0.1,0.06741573033707865,0.0,0.1254125412541254,0.25
248AV0,가산,38100,양산시,시,1556,0.39,14.99583958,24.36160949,1.650739406,1.669930265,1.0,433,6.0,167.0,14.0,89.0,7.0,460,5000,0.2915384615384615,0.8069023612780738,0.7407075369788892,0.9474724806393202,0.987020171566137,0.283224818077365,0.4195121951219512,0.24,0.4477611940298507,0.7000000000000001,0.5,0.5384615384615385,0.5511551155115512,0.041666666666666664
248150,창원죽곡,38115,창원시 진해구,구,609,0.494,21.03275197,3.46008954,12.4295324,9.480474098,0.0,1001,1.0,16.0,0.0,10.0,0.0,120,3000,0.21153846153846154,0.725760695618132,0.973134211222356,0.5300371640071432,0.9038900521372667,0.10187667560321716,0.9736585365853658,0.04,0.08528784648187634,0.0,0.056179775280898875,0.0,0.052805280528052806,0.0
248170,남양,38115,창원시 진해구,구,609,0.494,16.18335498,6.616867957,9.438997188,6.235198404,0.0,1001,1.0,29.0,0.0,6.0,0.0,104,3000,0.21153846153846154,0.7909410599823244,0.938030567537971,0.6458530084913808,0.9384305606844427,0.10187667560321716,0.9736585365853658,0.04,0.06823027718550106,0.0,0.033707865168539325,0.0,0.09570957095709572,0.0
248070,마천,38115,창원시 진해구,구,609,0.494,15.42161053,6.782065645,9.098094033,5.448949946,0.0,1001,0.0,41.0,1.0,12.0,0.0,106,3000,0.21153846153846154,0.801179607353428,0.9361935552390376,0.6590553231222999,0.9467988548278227,0.10187667560321716,0.9736585365853658,0.0,0.07036247334754797,0.05,0.06741573033707865,0.0,0.1353135313531353,0.0
248A70,안골,38115,창원시 진해구,구,609,0.494,16.51466493,3.876293713,12.05525826,3.284406131,0.0,1001,0.0,72.0,3.0,20.0,0.0,202,3000,0.21153846153846154,0.7864879489454238,0.9685059855254663,0.5445318522551783,0.9698367878702979,0.10187667560321716,0.9736585365853658,0.0,0.17270788912579957,0.15000000000000002,0.11235955056179775,0.0,0.2376237623762376,0.0
248AH0,창원죽곡2,38115,창원시 진해구,구,609,0.494,21.30660199,3.588244417,12.85354219,9.326779321,0.0,1001,1.0,12.0,0.0,9.0,0.0,107,3000,0.21153846153846154,0.7220798989909328,0.9717091181228855,0.5136163401688602,0.9055258748713536,0.10187667560321716,0.9736585365853658,0.04,0.07142857142857142,0.0,0.05056179775280899,0.0,0.039603960396039604,0.0
12601B,녹산(주거),38115,창원시 진해구,구,609,0.494,14.64870589,5.75742895,10.45313955,3.446002301,0.0,1001,0.0,76.0,3.0,20.0,0.0,273,3000,0.21153846153846154,0.811568157962475,0.9475876021742063,0.6065778467708408,0.9681168680800024,0.10187667560321716,0.9736585365853658,0.0,0.24840085287846483,0.15000000000000002,0.11235955056179775,0.0,0.2508250825082508,0.0
331010,울산장현,26010,중구,구,77,0.684,0.629440786,13.32822472,6.009339553,5.865391467,1.0,87,7.0,73.0,4.0,32.0,0.0,277,3000,0.06538461538461536,1.0,0.8633997112262276,0.7786749507629431,0.9423665343497525,0.0,0.08195121951219513,0.28,0.2526652452025586,0.2,0.1797752808988764,0.0,0.24092409240924093,0.041666666666666664
231180,울산테크노,26020,남구,구,221,0.684,10.37902767,11.83070814,3.950990507,4.242721088,4.0,209,3.0,79.0,3.0,37.0,2.0,228,3000,0.06538461538461536,0.8689565678351542,0.8800522225816925,0.8583895891491555,0.9596371348718352,0.027575641516660285,0.20097560975609755,0.12,0.20042643923240938,0.15000000000000002,0.20786516853932585,0.15384615384615385,0.2607260726072607,0.16666666666666666
131020,울산·미포,26020,남구,구,221,0.684,8.140647728,9.06221876,8.284598891,2.287751361,0.0,209,7.0,94.0,3.0,30.0,1.0,195,3000,0.06538461538461536,0.8990424569685699,0.9108380592486452,0.6905599268723241,0.9804445037772745,0.027575641516660285,0.20097560975609755,0.28,0.1652452025586354,0.15000000000000002,0.16853932584269662,0.07692307692307693,0.3102310231023102,0.0
431010,달천,26040,북구,구,209,0.684,5.983898287,18.75955717,3.458935866,11.37380177,1.0,160,0.0,17.0,1.0,9.0,0.0,103,3000,0.06538461538461536,0.9280311569443681,0.8030028338180791,0.8774456174985731,0.8837387593647517,0.025277671390271924,0.15317073170731707,0.0,0.06716417910447761,0.05,0.05056179775280899,0.0,0.056105610561056105,0.041666666666666664
231070,이화,26040,북구,구,209,0.684,8.547928968,19.72906646,7.42623682,14.41010687,0.0,160,0.0,16.0,0.0,3.0,0.0,58,3000,0.06538461538461536,0.8935682217849702,0.7922218083011839,0.7238021129957972,0.8514223917746939,0.025277671390271924,0.15317073170731707,0.0,0.019189765458422173,0.0,0.016853932584269662,0.0,0.052805280528052806,0.0
231020,모듈화,26040,북구,구,209,0.684,3.459691867,9.460213425,9.806027349,3.879480184,0.0,160,7.0,68.0,4.0,26.0,0.0,188,3000,0.06538461538461536,0.9619588173370541,0.9064123248248388,0.6316388611786085,0.9635032241450802,0.025277671390271924,0.15317073170731707,0.28,0.15778251599147122,0.2,0.14606741573033707,0.0,0.22442244224422442,0.0
231200,모바일테크밸리,26040,북구,구,209,0.684,5.69097811,18.4195748,3.719107086,11.16937667,0.0,160,0.0,24.0,3.0,13.0,0.0,112,3000,0.06538461538461536,0.9319682740551872,0.8067834666021803,0.867369845966479,0.8859145211734823,0.025277671390271924,0.15317073170731707,0.0,0.07675906183368869,0.15000000000000002,0.07303370786516854,0.0,0.07920792079207921,0.0
231150,매곡2,26040,북구,구,209,0.684,6.545967304,17.31098469,8.026307352,12.34682668,0.0,160,0.0,50.0,4.0,23.0,0.0,124,3000,0.06538461538461536,0.9204764313977835,0.8191110826312,0.7005629031263346,0.8733825436254827,0.025277671390271924,0.15317073170731707,0.0,0.08955223880597016,0.2,0.1292134831460674,0.0,0.16501650165016502,0.0
231050,중산,26040,북구,구,209,0.684,6.694734527,17.79296101,7.631882089,12.53900053,0.0,160,0.0,53.0,5.0,25.0,0.0,140,3000,0.06538461538461536,0.9184768628286224,0.8137514650823479,0.7158379932630303,0.8713371757941022,0.025277671390271924,0.15317073170731707,0.0,0.10660980810234541,0.25,0.1404494382022472,0.0,0.17491749174917492,0.0
231160,매곡3,26040,북구,구,209,0.684,5.351927282,15.97981895,7.865920747,11.07794664,0.0,160,0.0,55.0,5.0,29.0,0.0,139,3000,0.06538461538461536,0.9365254296257854,0.8339137585397071,0.7067742695825792,0.8868876402642649,0.025277671390271924,0.15317073170731707,0.0,0.10554371002132196,0.25,0.16292134831460675,0.0,0.18151815181518152,0.0
231170,중산2,26040,북구,구,209,0.684,7.686773778,18.8581543,7.908548302,13.54552103,0.0,160,0.0,30.0,1.0,9.0,0.0,101,3000,0.06538461538461536,0.9051429411107056,0.8019064253716757,0.7051234124848887,0.8606244557631246,0.025277671390271924,0.15317073170731707,0.0,0.0650319829424307,0.05,0.05056179775280899,0.0,0.09900990099009901,0.0
231010,매곡,26040,북구,구,209,0.684,6.011355604,16.7678264,7.874138733,11.79335516,0.0,160,0.0,58.0,5.0,30.0,0.0,137,3000,0.06538461538461536,0.9276621053014085,0.8251510488745386,0.706456007826379,0.8792733182683036,0.025277671390271924,0.15317073170731707,0.0,0.10341151385927505,0.25,0.16853932584269662,0.0,0.19141914191419143,0.0
248140,정촌,38030,진주시,시,870,0.137,5.025830272,23.51960827,1.278953747,50.31073285,0.0,263,3.0,78.0,1.0,21.0,0.0,313,5000,0.48615384615384616,0.9409084739452553,0.7500706619450018,0.9618707963292455,0.4693205318914882,0.15185752585216392,0.25365853658536586,0.12,0.29104477611940294,0.05,0.11797752808988764,0.0,0.25742574257425743,0.0
248090,진주(사봉),38030,진주시,시,870,0.137,21.85961143,27.00410334,4.23059819,33.39522269,11.0,263,0.0,5.0,0.0,4.0,0.0,201,5000,0.48615384615384616,0.7146469425078139,0.7113227812896595,0.8475610926977565,0.6493577239061903,0.15185752585216392,0.25365853658536586,0.0,0.17164179104477612,0.0,0.02247191011235955,0.0,0.0165016501650165,0.4583333333333333
148081,경남항공(진주),38030,진주시,시,870,0.137,4.555701644,23.50166141,0.848257446,51.21364051,11.0,263,3.0,84.0,1.0,23.0,0.0,312,5000,0.48615384615384616,0.9472274359387296,0.7502702325500531,0.9785505717809423,0.4597105964998048,0.15185752585216392,0.25365853658536586,0.12,0.2899786780383795,0.05,0.1292134831460674,0.0,0.27722772277227725,0.4583333333333333
248570,진주가산,38030,진주시,시,870,0.137,23.50451089,23.5609413,9.414879794,30.81982638,0.0,263,0.0,2.0,0.0,4.0,0.0,122,5000,0.48615384615384616,0.6925379779568908,0.7496110351464585,0.6467870139970378,0.6767684916330695,0.15185752585216392,0.25365853658536586,0.0,0.08742004264392325,0.0,0.02247191011235955,0.0,0.006600660066006601,0.0
448610,실크전문,38030,진주시,시,870,0.137,11.95300858,28.49182963,1.5896449,43.71760448,0.0,263,2.0,55.0,2.0,19.0,0.0,265,5000,0.48615384615384616,0.8478008139491265,0.6947791387891881,0.9498385159153286,0.5394933086566951,0.15185752585216392,0.25365853658536586,0.08,0.2398720682302772,0.1,0.10674157303370786,0.0,0.18151815181518152,0.0
448190,진성,38030,진주시,시,870,0.137,16.76893714,32.0396076,1.65571701,38.99054105,0.0,263,0.0,1.0,0.0,1.0,0.0,135,5000,0.48615384615384616,0.7830702961259773,0.6553275469196056,0.9472797106600687,0.5898049586372587,0.15185752585216392,0.25365853658536586,0.0,0.10127931769722814,0.0,0.0056179775280898875,0.0,0.0033003300330033004,0.0
248060,진주상평,38030,진주시,시,870,0.137,10.95326818,29.48774749,1.481460487,47.40488745,1.0,263,20.0,255.0,17.0,135.0,0.0,571,5000,0.48615384615384616,0.8612382462063697,0.6837044477345086,0.9540282238650462,0.5002483751132643,0.15185752585216392,0.25365853658536586,0.8,0.5660980810234542,0.8500000000000001,0.7584269662921348,0.0,0.8415841584158416,0.041666666666666664
448180,이반성,38030,진주시,시,870,0.137,23.9972087,23.02453354,9.846984379,30.33838563,24.0,263,0.0,0.0,0.0,2.0,0.0,118,5000,0.48615384615384616,0.6859156653593734,0.7555759349237683,0.6300526992775607,0.6818926197221186,0.15185752585216392,0.25365853658536586,0.0,0.08315565031982944,0.0,0.011235955056179775,0.0,0.0,1.0
448170,사봉,38030,진주시,시,870,0.137,22.92761379,26.64143658,3.015592069,32.77609746,0.0,263,0.0,5.0,0.0,4.0,0.0,187,5000,0.48615384615384616,0.7002920066033774,0.7153556664141432,0.8946151983951192,0.6559472720108781,0.15185752585216392,0.25365853658536586,0.0,0.15671641791044777,0.0,0.02247191011235955,0.0,0.0165016501650165,0.0
448590,생물산업전문,38030,진주시,시,870,0.137,11.38757742,27.92181118,1.963315423,44.11814359,0.0,263,2.0,57.0,2.0,20.0,0.0,280,5000,0.48615384615384616,0.8554007297959147,0.7011177922894047,0.9353672042228743,0.5352302426318234,0.15185752585216392,0.25365853658536586,0.08,0.25586353944562895,0.1,0.11235955056179775,0.0,0.18811881188118812,0.0
248AB0,진주뿌리,38030,진주시,시,870,0.137,4.292104709,22.29181515,1.330537844,50.38077774,0.0,263,4.0,77.0,2.0,23.0,0.0,300,5000,0.48615384615384616,0.950770421655101,0.7637238255533549,0.959873075074522,0.4685750216945567,0.15185752585216392,0.25365853658536586,0.16,0.2771855010660981,0.1,0.1292134831460674,0.0,0.25412541254125415,0.0
248730,지수,38030,진주시,시,870,0.137,23.7699197,29.04265729,1.340983616,34.40950786,0.0,263,0.0,2.0,0.0,0.0,0.0,150,5000,0.48615384615384616,0.6889706389708394,0.688653888501105,0.9594685368164151,0.6385623620056802,0.15185752585216392,0.25365853658536586,0.0,0.11727078891257997,0.0,0.0,0.0,0.006600660066006601,0.0
448160,대곡,38030,진주시,시,870,0.137,21.36249791,36.63373395,8.278312692,41.67982594,0.0,263,0.0,2.0,0.0,1.0,0.0,143,5000,0.48615384615384616,0.7213286063168984,0.6042404723365546,0.6908033754172065,0.5611820382793445,0.15185752585216392,0.25365853658536586,0.0,0.10980810234541577,0.0,0.0056179775280898875,0.0,0.006600660066006601,0.0
148010,안정,38050,통영시,시,316,0.0,35.13439371,13.6874084,3.679314107,36.67134145,0.0,17,0.0,10.0,0.0,1.0,0.0,116,5000,0.5915384615384616,0.5362216356810106,0.859405558246701,0.8689109271244388,0.6144889427297384,0.04576790501723478,0.013658536585365855,0.0,0.0810234541577825,0.0,0.0056179775280898875,0.0,0.033003300330033,0.0
248520,법송동원,38050,통영시,시,316,0.0,34.5654452,9.303279403,4.079540329,43.76017432,0.0,17,3.0,27.0,0.0,7.0,0.0,186,5000,0.5915384615384616,0.5438688279531088,0.9081574444571128,0.8534111805574468,0.5390402242161065,0.04576790501723478,0.013658536585365855,0.12,0.15565031982942432,0.0,0.03932584269662921,0.0,0.0891089108910891,0.0
248AA0,법송2,38050,통영시,시,316,0.0,34.7103657,8.986965077,4.43348674,44.54972967,0.0,17,3.0,19.0,0.0,6.0,0.0,181,5000,0.5915384615384616,0.5419209628859016,0.9116748865849396,0.8397037337005628,0.5306367337621015,0.04576790501723478,0.013658536585365855,0.12,0.15031982942430705,0.0,0.033707865168539325,0.0,0.0627062706270627,0.0
248022,사천1(외국인),38060,사천시,시,531,-0.059,2.926221287,16.88554643,2.899905855,56.2487674,1.0,77,2.0,65.0,2.0,16.0,0.0,269,5000,0.6369230769230769,0.9691291535363137,0.8238419921585584,0.8990954320722989,0.4061201284536835,0.08693986978169284,0.0721951219512195,0.08,0.24413646055437102,0.1,0.0898876404494382,0.0,0.21452145214521454,0.041666666666666664
248AZ0,용당(항공MRO),38060,사천시,시,531,-0.059,0.973505723,18.49772748,2.740117876,54.50472104,1.0,77,2.0,68.0,2.0,16.0,0.0,293,5000,0.6369230769230769,0.9953754501838377,0.8059144021734176,0.9052836152617348,0.4246825724135683,0.08693986978169284,0.0721951219512195,0.08,0.26972281449893387,0.1,0.0898876404494382,0.0,0.22442244224422442,0.041666666666666664
248970,종포,38060,사천시,시,531,-0.059,7.055242242,13.32902255,6.459582551,58.92982962,0.0,77,0.0,18.0,0.0,1.0,0.0,178,5000,0.6369230769230769,0.9136313069237832,0.8633908392889734,0.761238181308685,0.3775847246059817,0.08693986978169284,0.0721951219512195,0.0,0.1471215351812367,0.0,0.0056179775280898875,0.0,0.0594059405940594,0.0
248021,사천1(산업),38060,사천시,시,531,-0.059,2.334102923,17.51441941,2.375514497,56.0057544,0.0,77,2.0,65.0,2.0,16.0,0.0,280,5000,0.6369230769230769,0.9770877699976667,0.8168488712940168,0.9194037794621928,0.4087065936403219,0.08693986978169284,0.0721951219512195,0.08,0.25586353944562895,0.1,0.0898876404494382,0.0,0.21452145214521454,0.0
448130,사남,38060,사천시,시,531,-0.059,2.406755867,17.06566511,3.380323506,55.07313123,0.0,77,2.0,66.0,2.0,16.0,0.0,279,5000,0.6369230769230769,0.9761112474791316,0.8218390571633203,0.8804900748330882,0.4186328007216607,0.08693986978169284,0.0721951219512195,0.08,0.2547974413646055,0.1,0.0898876404494382,0.0,0.21782178217821782,0.0
248030,사천2,38060,사천시,시,531,-0.059,4.148174777,16.4374794,3.23818267,57.68121436,0.0,77,2.0,49.0,1.0,13.0,0.0,230,5000,0.6369230769230769,0.9527049725755596,0.828824535527183,0.8859948289289364,0.39087413670120086,0.08693986978169284,0.0721951219512195,0.08,0.2025586353944563,0.05,0.07303370786516854,0.0,0.16171617161716173,0.0
448520,두량전문,38060,사천시,시,531,-0.059,4.263630776,21.21916217,2.496063501,50.07286685,0.0,77,4.0,50.0,2.0,17.0,0.0,261,5000,0.6369230769230769,0.951153137553933,0.7756518176493912,0.9147352222608026,0.4718522159087422,0.08693986978169284,0.0721951219512195,0.16,0.2356076759061834,0.1,0.09550561797752809,0.0,0.16501650165016502,0.0
248780,축동,38060,사천시,시,531,-0.059,3.286513616,22.52087987,0.915909879,52.38067825,0.0,77,4.0,76.0,2.0,20.0,0.0,298,5000,0.6369230769230769,0.9642864926177975,0.7611766064428084,0.9759305646237391,0.44728944007606114,0.08693986978169284,0.0721951219512195,0.16,0.27505330490405117,0.1,0.11235955056179775,0.0,0.2508250825082508,0.0
248790,대동,38060,사천시,시,531,-0.059,3.439712107,22.53887772,0.560604092,52.03144634,0.0,77,4.0,83.0,2.0,23.0,0.0,308,5000,0.6369230769230769,0.9622273637232119,0.7609764688246333,0.9896906566655986,0.45100642713962663,0.08693986978169284,0.0721951219512195,0.16,0.2857142857142857,0.1,0.1292134831460674,0.0,0.2739273927392739,0.0
248AE0,금진,38060,사천시,시,531,-0.059,14.49652625,19.34790359,2.149677986,68.6997872,0.0,77,0.0,11.0,0.0,7.0,0.0,71,5000,0.6369230769230769,0.8136135925607283,0.7964603717372939,0.9281498547907447,0.27359993714356473,0.08693986978169284,0.0721951219512195,0.0,0.03304904051172707,0.0,0.03932584269662921,0.0,0.036303630363036306,0.0
248420,흥사,38060,사천시,시,531,-0.059,5.766917043,22.23161917,3.560401863,59.11123299,0.0,77,0.0,3.0,0.0,2.0,0.0,150,5000,0.6369230769230769,0.930947584816386,0.7643932099554318,0.8735160967620054,0.37565399044260817,0.08693986978169284,0.0721951219512195,0.0,0.11727078891257997,0.0,0.011235955056179775,0.0,0.009900990099009901,0.0
248AD0,대진,38060,사천시,시,531,-0.059,8.071787451,16.54159887,3.22896759,62.01954983,0.0,77,0.0,8.0,0.0,5.0,0.0,132,5000,0.6369230769230769,0.8999680025476047,0.8276667181916982,0.8863517056070331,0.3446998428934058,0.08693986978169284,0.0721951219512195,0.0,0.09808102345415778,0.0,0.028089887640449437,0.0,0.026402640264026403,0.0
448140,송포,38060,사천시,시,531,-0.059,12.77032014,7.316248293,12.10882513,60.79713984,0.0,77,5.0,27.0,1.0,13.0,0.0,154,5000,0.6369230769230769,0.8368153934133937,0.9302533988958522,0.5424573432306622,0.3577103439074834,0.08693986978169284,0.0721951219512195,0.2,0.12153518123667378,0.05,0.07303370786516854,0.0,0.0891089108910891,0.0
148082,경남항공(사천),38060,사천시,시,531,-0.059,6.644832084,13.51913946,6.174152816,58.4575017,0.0,77,0.0,24.0,0.0,1.0,0.0,188,5000,0.6369230769230769,0.9191475976486649,0.861276723128309,0.7722921510687767,0.3826118619268548,0.08693986978169284,0.0721951219512195,0.0,0.15778251599147122,0.0,0.0056179775280898875,0.0,0.07920792079207921,0.0
448120,곤양,38060,사천시,시,531,-0.059,11.38235966,19.93762838,1.396216036,65.70424174,0.0,77,0.0,3.0,0.0,3.0,0.0,82,5000,0.6369230769230769,0.8554708612985874,0.7899025820652261,0.9573295252643892,0.30548248683137086,0.08693986978169284,0.0721951219512195,0.0,0.04477611940298507,0.0,0.016853932584269662,0.0,0.009900990099009901,0.0
448710,향촌삽재,38060,사천시,시,531,-0.059,17.74421878,2.914530414,18.22791168,59.12799151,0.0,77,7.0,50.0,2.0,25.0,0.0,229,5000,0.6369230769230769,0.7699616121423822,0.9792008749655998,0.3054806397239888,0.37547562414714414,0.08693986978169284,0.0721951219512195,0.28,0.20149253731343283,0.1,0.1404494382022472,0.0,0.16501650165016502,0.0
448660,축동구호,38060,사천시,시,531,-0.059,2.284320673,20.67842026,1.221958341,56.0073067,0.0,77,2.0,56.0,2.0,15.0,0.0,263,5000,0.6369230769230769,0.9777568893130292,0.7816649135422266,0.9640780838579542,0.4086900720142804,0.08693986978169284,0.0721951219512195,0.08,0.2377398720682303,0.1,0.08426966292134831,0.0,0.18481848184818483,0.0
248AN0,향촌2,38060,사천시,시,531,-0.059,18.75573485,2.257621762,19.19582226,59.79253509,0.0,77,7.0,50.0,2.0,25.0,0.0,227,5000,0.6369230769230769,0.7563659040288182,0.9865057548801401,0.26799591767219294,0.36840267399767035,0.08693986978169284,0.0721951219512195,0.28,0.19936034115138593,0.1,0.1404494382022472,0.0,0.16501650165016502,0.0
248B70,사천서부,38060,사천시,시,531,-0.059,11.47009451,19.15221366,1.496616901,65.76074801,0.0,77,0.0,5.0,0.0,3.0,0.0,84,5000,0.6369230769230769,0.8542916240651273,0.7986364603529372,0.9534412543889073,0.30488107250299423,0.08693986978169284,0.0721951219512195,0.0,0.04690831556503198,0.0,0.016853932584269662,0.0,0.0165016501650165,0.0
248020,사천1,38060,사천시,시,531,-0.059,2.355948496,17.31884661,2.692752358,55.76463973,10.0,77,2.0,65.0,2.0,16.0,0.0,277,5000,0.6369230769230769,0.976794145365404,0.8190236574141277,0.9071179616504986,0.4112728542928089,0.08693986978169284,0.0721951219512195,0.08,0.2526652452025586,0.1,0.0898876404494382,0.0,0.21452145214521454,0.41666666666666663
148080,경남항공,38060,사천시,시,531,-0.059,6.303469996,13.93238091,5.769294079,58.40297415,10.0,77,0.0,29.0,0.0,1.0,0.0,185,5000,0.6369230769230769,0.9237358186835366,0.8566814431624112,0.7879713031932282,0.38319221610456417,0.08693986978169284,0.0721951219512195,0.0,0.15458422174840086,0.0,0.0056179775280898875,0.0,0.09570957095709572,0.41666666666666663
148030,죽도,38090,거제시,시,276,0.012,43.67073788,1.589737594,14.40267628,26.11184712,0.0,44,8.0,126.0,6.0,47.0,0.0,298,5000,0.5823076923076923,0.42148530362032055,0.9939326834632982,0.4536223056118542,0.7268770226804036,0.038108004595940256,0.039999999999999994,0.32,0.27505330490405117,0.30000000000000004,0.2640449438202247,0.0,0.4158415841584158,0.0
448600,한내조선특화,38090,거제시,시,276,0.012,41.38240187,1.768145015,15.65573417,23.96751143,0.0,44,0.0,40.0,0.0,4.0,0.0,128,5000,0.5823076923076923,0.4522426483431955,0.9919487778132507,0.40509455140396056,0.7496998741766252,0.038108004595940256,0.039999999999999994,0.0,0.09381663113006397,0.0,0.02247191011235955,0.0,0.132013201320132,0.0
248100,오비,38090,거제시,시,276,0.012,41.32892425,1.750040734,16.61295127,23.76153663,0.0,44,8.0,121.0,6.0,47.0,0.0,301,5000,0.5823076923076923,0.4529614368367171,0.9921500989531711,0.368023960712901,0.7518921299387648,0.038108004595940256,0.039999999999999994,0.32,0.2782515991471215,0.30000000000000004,0.2640449438202247,0.0,0.39933993399339934,0.0
248750,모사,38090,거제시,시,276,0.012,41.10145807,2.450430535,15.79874014,23.74283731,0.0,44,0.0,7.0,0.0,0.0,0.0,80,5000,0.5823076923076923,0.45601879191065814,0.9843617049746521,0.3995562928623529,0.7520911527901917,0.038108004595940256,0.039999999999999994,0.0,0.042643923240938165,0.0,0.0,0.0,0.023102310231023104,0.0
248A20,오비2,38090,거제시,시,276,0.012,41.73143715,1.226697118,16.09973008,24.1765174,0.0,44,8.0,124.0,6.0,46.0,0.0,301,5000,0.5823076923076923,0.4475512925368404,0.9979697243413921,0.387899715824744,0.7474753567014095,0.038108004595940256,0.039999999999999994,0.32,0.2782515991471215,0.30000000000000004,0.2584269662921348,0.0,0.40924092409240925,0.0
248A60,덕곡,38090,거제시,시,276,0.012,38.5784984,5.146506916,18.15272145,21.3877577,0.0,44,0.0,7.0,0.0,0.0,0.0,125,5000,0.5823076923076923,0.48992969483443854,0.9543811069970304,0.30839256664244497,0.7771570193200769,0.038108004595940256,0.039999999999999994,0.0,0.09061833688699361,0.0,0.0,0.0,0.023102310231023104,0.0
148050,지세포자원비축,38090,거제시,시,276,0.012,45.46953668,6.073863619,26.11587048,29.06966465,1.0,44,0.0,16.0,0.0,2.0,0.0,75,5000,0.5823076923076923,0.3973077901184053,0.9440688218220149,0.0,0.6953960234343801,0.038108004595940256,0.039999999999999994,0.0,0.0373134328358209,0.0,0.011235955056179775,0.0,0.052805280528052806,0.041666666666666664
148020,옥포,38090,거제시,시,276,0.012,39.57117702,1.044119764,24.00938806,22.48608441,1.0,44,8.0,113.0,2.0,26.0,0.0,209,5000,0.5823076923076923,0.47658717940797024,1.0,0.08157872189050185,0.7654671763941012,0.038108004595940256,0.039999999999999994,0.32,0.18017057569296377,0.1,0.14606741573033707,0.0,0.37293729372937295,0.041666666666666664
248B30,창원덕산,38111,창원시 의창구,구,304,0.494,26.77240552,13.08773927,2.239937281,4.588710837,0.0,1001,3.0,50.0,0.0,22.0,0.0,121,3000,0.21153846153846154,0.648614462697896,0.866073929822825,0.9246543412013943,0.9559546551661312,0.04346993489084641,0.9736585365853658,0.12,0.0863539445628998,0.0,0.12359550561797752,0.0,0.16501650165016502,0.0
248210,창원,38111,창원시 의창구,구,304,0.494,27.88291811,20.7174607,6.099796995,9.750609287,0.0,1001,0.0,11.0,0.0,3.0,0.0,132,3000,0.21153846153846154,0.6336881501282123,0.7812307805388895,0.7751717634428019,0.9010149168069161,0.04346993489084641,0.9736585365853658,0.0,0.09808102345415778,0.0,0.016853932584269662,0.0,0.036303630363036306,0.0
248A00,동전,38111,창원시 의창구,구,304,0.494,33.93749854,15.57165396,3.268843125,9.735361081,0.0,1001,0.0,23.0,1.0,10.0,0.0,117,3000,0.21153846153846154,0.5523090097292099,0.8384525878399329,0.8848074272645631,0.901177208346783,0.04346993489084641,0.9736585365853658,0.0,0.08208955223880596,0.05,0.056179775280898875,0.0,0.07590759075907591,0.0
248680,천선,38112,창원시 성산구,구,406,0.494,21.07610548,6.896360618,8.696256294,8.072261992,0.0,1001,4.0,76.0,1.0,29.0,0.0,183,3000,0.21153846153846154,0.7251779844925851,0.9349225854473342,0.6746174796557444,0.9188781045771437,0.06300268096514745,0.9736585365853658,0.16,0.15245202558635396,0.05,0.16292134831460675,0.0,0.2508250825082508,0.0
248800,창곡,38112,창원시 성산구,구,406,0.494,26.37184337,7.593183268,7.037549198,3.291101871,2.0,1001,2.0,83.0,2.0,6.0,0.0,136,3000,0.21153846153846154,0.6539983871201167,0.9271738584904212,0.7388549988477562,0.9697655229650921,0.06300268096514745,0.9736585365853658,0.08,0.1023454157782516,0.1,0.033707865168539325,0.0,0.2739273927392739,0.08333333333333333
148060,창원,38112,창원시 성산구,구,406,0.494,26.37416325,8.681655949,6.039254592,1.798656132,0.0,1001,25.0,240.0,13.0,63.0,0.0,300,3000,0.21153846153846154,0.6539672057950998,0.9150699499777917,0.7775164171698052,0.9856501009377535,0.06300268096514745,0.9736585365853658,1.0,0.2771855010660981,0.65,0.3539325842696629,0.0,0.7920792079207921,0.0
248AJ0,상복,38112,창원시 성산구,구,406,0.494,26.08084419,7.7932676,7.338131628,3.522143558,0.0,1001,2.0,98.0,3.0,6.0,0.0,134,3000,0.21153846153846154,0.6579096842610177,0.924948903751903,0.7272142036389639,0.9673064722966599,0.06300268096514745,0.9736585365853658,0.08,0.10021321961620469,0.15000000000000002,0.033707865168539325,0.0,0.32343234323432346,0.0
348010,창원덴소,38113,창원시 마산합포구,구,507,0.494,35.27257126,2.955461913,8.523765507,11.54761772,7.0,1001,6.0,59.0,2.0,21.0,0.0,137,3000,0.21153846153846154,0.5343644020755698,0.9787457132258255,0.6812976103835131,0.8818887805423945,0.08234392952891613,0.9736585365853658,0.24,0.10341151385927505,0.1,0.11797752808988764,0.0,0.19471947194719472,0.29166666666666663
248460,진전평암,38113,창원시 마산합포구,구,507,0.494,30.00517526,16.93131715,13.66894236,24.49371042,0.0,1001,0.0,0.0,0.0,0.0,0.0,40,3000,0.21153846153846154,0.6051630583288063,0.8233330178709096,0.4820379595157247,0.7440993698049277,0.08234392952891613,0.9736585365853658,0.0,0.0,0.0,0.0,0.0,0.0,0.0
448070,진북,38113,창원시 마산합포구,구,507,0.494,37.686768,9.544921674,12.82487189,17.8567965,0.0,1001,0.0,12.0,0.0,1.0,0.0,72,3000,0.21153846153846154,0.5019153731582557,0.9054703619128996,0.5147266681773024,0.814738170201598,0.08234392952891613,0.9736585365853658,0.0,0.034115138592750525,0.0,0.0056179775280898875,0.0,0.039603960396039604,0.0
248110,진북,38113,창원시 마산합포구,구,507,0.494,37.78080687,9.731243042,13.36755759,18.16067921,0.0,1001,0.0,15.0,0.0,7.0,0.0,95,3000,0.21153846153846154,0.500651404086712,0.9033984525011282,0.49370982731790786,0.8115038491972224,0.08234392952891613,0.9736585365853658,0.0,0.05863539445628998,0.0,0.03932584269662921,0.0,0.04950495049504951,0.0
348020,해양신도시,38113,창원시 마산합포구,구,507,0.494,33.49050974,1.270476759,5.059795882,7.962468828,7.0,1001,18.0,120.0,9.0,60.0,0.0,238,3000,0.21153846153846154,0.5583169511105389,0.997482891021062,0.8154483690093651,0.9200466683840877,0.08234392952891613,0.9736585365853658,0.72,0.21108742004264394,0.45,0.33707865168539325,0.0,0.39603960396039606,0.29166666666666663
248B20,평성,38114,창원시 마산회원구,구,203,0.494,37.8441847,9.814582925,1.527504505,10.05714106,1.0,1001,4.0,32.0,1.0,9.0,0.0,148,3000,0.21153846153846154,0.49979954764754436,0.9024717059351433,0.9522450558198349,0.8977524009766394,0.024128686327077747,0.9736585365853658,0.16,0.11513859275053306,0.05,0.05056179775280899,0.0,0.10561056105610561,0.041666666666666664
248580,수곡,38114,창원시 마산회원구,구,203,0.494,41.21143421,12.11271786,1.671359998,13.42263127,1.0,1001,4.0,34.0,1.0,9.0,0.0,138,3000,0.21153846153846154,0.4545406112437939,0.876916250581535,0.9466738974069069,0.8619324108356284,0.024128686327077747,0.9736585365853658,0.16,0.1044776119402985,0.05,0.05056179775280899,0.0,0.11221122112211221,0.041666666666666664
248B40,부림,38510,의령군,군,139,-0.327,52.16005596,40.23564104,12.1424475,37.62640206,0.0,16,0.0,3.0,0.0,2.0,0.0,181,7000,0.8430769230769232,0.307381045544735,0.5641869600625508,0.5411552341100317,0.6043239267886379,0.01187284565300651,0.012682926829268294,0.0,0.15031982942430705,0.0,0.011235955056179775,0.0,0.009900990099009901,0.0
448330,정곡,38510,의령군,군,139,-0.327,39.41780079,31.23456656,9.300354501,32.45537355,0.0,16,0.0,0.0,0.0,0.0,0.0,262,7000,0.8430769230769232,0.4786486972785058,0.664279671549982,0.6512222881480917,0.659360839300437,0.01187284565300651,0.012682926829268294,0.0,0.23667377398720682,0.0,0.0,0.0,0.0,0.0
448320,부림,38510,의령군,군,139,-0.327,46.89770503,38.95478409,16.52316174,38.60791055,0.0,16,0.0,2.0,0.0,2.0,0.0,181,7000,0.8430769230769232,0.3781118914080364,0.5784301979601914,0.37150128149516937,0.5938774175904672,0.01187284565300651,0.012682926829268294,0.0,0.15031982942430705,0.0,0.011235955056179775,0.0,0.006600660066006601,0.0
248840,대의,38510,의령군,군,139,-0.327,30.50670961,47.16569509,15.89455656,50.61206012,0.0,16,0.0,2.0,0.0,3.0,0.0,154,7000,0.8430769230769232,0.5984219744906365,0.48712417137435454,0.39584556591514036,0.46611340925344086,0.01187284565300651,0.012682926829268294,0.0,0.12153518123667378,0.0,0.016853932584269662,0.0,0.006600660066006601,0.0
448300,동동,38510,의령군,군,139,-0.327,31.06341844,30.48757688,5.370311179,33.87856066,0.0,16,0.0,21.0,1.0,8.0,0.0,301,7000,0.8430769230769232,0.590939294796854,0.6725862601345406,0.8034228990523409,0.6442134030970752,0.01187284565300651,0.012682926829268294,0.0,0.2782515991471215,0.05,0.0449438202247191,0.0,0.06930693069306931,0.0
448310,봉수,38510,의령군,군,139,-0.327,46.84954567,39.79054061,17.46654292,39.51902365,0.0,16,0.0,2.0,0.0,2.0,0.0,174,7000,0.8430769230769232,0.37875919758627247,0.5691365145876147,0.3349665208965249,0.5841801490729795,0.01187284565300651,0.012682926829268294,0.0,0.14285714285714285,0.0,0.011235955056179775,0.0,0.006600660066006601,0.0
248870,정곡백곡,38510,의령군,군,139,-0.327,38.97779965,27.34044454,6.290718058,28.75281187,0.0,16,0.0,10.0,0.0,3.0,0.0,298,7000,0.8430769230769232,0.48456271807016305,0.707582638624721,0.767777874866454,0.6987683890475761,0.01187284565300651,0.012682926829268294,0.0,0.27505330490405117,0.0,0.016853932584269662,0.0,0.033003300330033,0.0
448420,파수,38520,함안군,군,1837,-0.254,34.86557028,16.61871634,5.754912861,21.25175106,0.0,207,0.0,19.0,1.0,15.0,0.0,281,7000,0.786923076923077,0.5398348703065041,0.8268091653859192,0.7885282512942565,0.7786045815472487,0.337035618536959,0.19902439024390245,0.0,0.25692963752665243,0.05,0.08426966292134831,0.0,0.0627062706270627,0.0
248690,법수강주,38520,함안군,군,1837,-0.254,34.41831046,26.33144048,2.537248047,29.16105157,0.0,207,0.0,26.0,1.0,12.0,0.0,338,7000,0.786923076923077,0.5458464544463836,0.7188028493330795,0.9131402492420767,0.6944233631771342,0.337035618536959,0.19902439024390245,0.0,0.3176972281449893,0.05,0.06741573033707865,0.0,0.0858085808580858,0.0
448690,칠원용산,38520,함안군,군,1837,-0.254,41.85083047,15.64134897,2.367135407,14.72761403,0.0,207,4.0,55.0,2.0,15.0,0.0,401,7000,0.786923076923077,0.445946536292652,0.837677573418761,0.9197282803677382,0.8480430613855853,0.337035618536959,0.19902439024390245,0.16,0.38486140724946694,0.1,0.08426966292134831,0.0,0.18151815181518152,0.0
448410,산인,38520,함안군,군,1837,-0.254,41.59926185,13.80606698,0.748817653,15.94311567,0.0,207,6.0,81.0,4.0,39.0,0.0,469,7000,0.786923076923077,0.4493278503710849,0.8580860647751339,0.9824016227752327,0.8351060881530342,0.337035618536959,0.19902439024390245,0.24,0.4573560767590618,0.2,0.2191011235955056,0.0,0.26732673267326734,0.0
448380,가야,38520,함안군,군,1837,-0.254,35.81280353,19.73112028,1.614264956,23.07083983,0.0,207,0.0,29.0,1.0,16.0,0.0,339,7000,0.786923076923077,0.5271031825316745,0.7921989696486248,0.9488850435852094,0.7592434371845606,0.337035618536959,0.19902439024390245,0.0,0.3187633262260128,0.05,0.0898876404494382,0.0,0.09570957095709572,0.0
248AY0,군북유현,38520,함안군,군,1837,-0.254,34.81258909,25.38113284,1.779277709,28.18812351,0.0,207,0.0,25.0,0.0,14.0,0.0,348,7000,0.786923076923077,0.5405469863233552,0.7293703508737202,0.9424945181492682,0.704778548110836,0.337035618536959,0.19902439024390245,0.0,0.32835820895522383,0.0,0.07865168539325842,0.0,0.08250825082508251,0.0
448560,황사,38520,함안군,군,1837,-0.254,35.75313254,28.70578561,5.346938006,30.98275445,0.0,207,0.0,24.0,1.0,9.0,0.0,328,7000,0.786923076923077,0.5279052156253132,0.6923999301486269,0.8043280827660819,0.6750343960045179,0.337035618536959,0.19902439024390245,0.0,0.30703624733475476,0.05,0.05056179775280899,0.0,0.07920792079207921,0.0
448790,대산장암,38520,함안군,군,1837,-0.254,46.6518256,23.66077604,4.48198249,22.5490696,0.0,207,0.0,21.0,0.0,7.0,0.0,281,7000,0.786923076923077,0.3814167375301642,0.7485008643719087,0.8378256162928128,0.764796804845218,0.337035618536959,0.19902439024390245,0.0,0.25692963752665243,0.0,0.03932584269662921,0.0,0.06930693069306931,0.0
248540,법수우거,38520,함안군,군,1837,-0.254,36.13983928,24.00893503,2.071466803,26.54668149,0.0,207,0.0,29.0,0.0,14.0,0.0,365,7000,0.786923076923077,0.5227075206815366,0.7446293068800496,0.9311787755574721,0.7222489412199102,0.337035618536959,0.19902439024390245,0.0,0.34648187633262256,0.0,0.07865168539325842,0.0,0.09570957095709572,0.0
248AC0,화천,38520,함안군,군,1837,-0.254,43.62182038,20.78581741,3.295457674,18.14651152,0.0,207,0.0,33.0,1.0,11.0,0.0,332,7000,0.786923076923077,0.42214279989879805,0.7804706481272022,0.8837767132787743,0.811654640459254,0.337035618536959,0.19902439024390245,0.0,0.3113006396588486,0.05,0.06179775280898876,0.0,0.10891089108910891,0.0
448390,군북,38520,함안군,군,1837,-0.254,31.12451152,23.57066621,2.13863753,27.8018847,0.0,207,0.0,25.0,0.0,13.0,0.0,271,7000,0.786923076923077,0.5901181475031302,0.7495028933226092,0.9285774236519975,0.7088894114629761,0.337035618536959,0.19902439024390245,0.0,0.24626865671641793,0.0,0.07303370786516854,0.0,0.08250825082508251,0.0
248AW0,부목2,38520,함안군,군,1837,-0.254,46.45932668,22.67151431,4.951364883,21.61582899,0.0,207,0.0,26.0,0.0,8.0,0.0,310,7000,0.786923076923077,0.38400410040665944,0.7595015386965642,0.8196476266094975,0.7747295835382187,0.337035618536959,0.19902439024390245,0.0,0.2878464818763326,0.0,0.0449438202247191,0.0,0.0858085808580858,0.0
248AF0,칠원용산,38520,함안군,군,1837,-0.254,41.69424948,15.14453315,2.171475303,14.44889219,0.0,207,4.0,59.0,2.0,17.0,0.0,410,7000,0.786923076923077,0.44805112909083944,0.8432022074659676,0.9273056999833658,0.8510095871925002,0.337035618536959,0.19902439024390245,0.16,0.394456289978678,0.1,0.09550561797752809,0.0,0.19471947194719472,0.0
448400,법수,38520,함안군,군,1837,-0.254,36.61929125,24.37063346,2.66683759,26.71389546,1.0,207,0.0,29.0,0.0,14.0,0.0,352,7000,0.786923076923077,0.5162632443799319,0.7406071896672781,0.9081215748928674,0.7204692293850511,0.337035618536959,0.19902439024390245,0.0,0.3326226012793177,0.0,0.07865168539325842,0.0,0.09570957095709572,0.041666666666666664
448770,칠원운서,38520,함안군,군,1837,-0.254,39.43492119,15.99893015,3.268419871,13.20213989,0.0,207,2.0,54.0,2.0,21.0,0.0,407,7000,0.786923076923077,0.4784185833257068,0.8337012403751224,0.8848238188185714,0.8642791712078055,0.337035618536959,0.19902439024390245,0.08,0.39125799573560766,0.1,0.11797752808988764,0.0,0.1782178217821782,0.0
248950,사내,38520,함안군,군,1837,-0.254,33.8569808,20.94387507,3.081153066,24.76595603,0.0,207,0.0,31.0,1.0,16.0,0.0,314,7000,0.786923076923077,0.5533912423535555,0.7787130335450864,0.892076187250119,0.7412017725879881,0.337035618536959,0.19902439024390245,0.0,0.2921108742004264,0.05,0.0898876404494382,0.0,0.10231023102310231,0.0
248650,대사,38520,함안군,군,1837,-0.254,45.62438588,20.35530692,3.735025227,19.64983539,0.0,207,0.0,33.0,1.0,13.0,0.0,340,7000,0.786923076923077,0.3952264741736977,0.7852579612822737,0.8667533767354408,0.7956542830545162,0.337035618536959,0.19902439024390245,0.0,0.3198294243070362,0.05,0.07303370786516854,0.0,0.10891089108910891,0.0
248080,칠서,38520,함안군,군,1837,-0.254,46.49396606,22.48304839,3.723337215,20.64648426,0.0,207,0.0,26.0,0.0,8.0,0.0,311,7000,0.786923076923077,0.3835385152185617,0.7615972957084285,0.8672060237983111,0.785046629943129,0.337035618536959,0.19902439024390245,0.0,0.28891257995735603,0.0,0.0449438202247191,0.0,0.0858085808580858,0.0
248930,칠북영동,38520,함안군,군,1837,-0.254,40.04222222,16.83055288,2.790839048,13.99514148,1.0,207,1.0,53.0,2.0,19.0,0.0,405,7000,0.786923076923077,0.47025589784217625,0.8244535250978815,0.9033193129038029,0.8558390013177835,0.337035618536959,0.19902439024390245,0.04,0.38912579957356075,0.1,0.10674157303370786,0.0,0.17491749174917492,0.041666666666666664
448570,모로,38520,함안군,군,1837,-0.254,30.70581039,25.41957989,1.093826604,29.45991372,1.0,207,0.0,19.0,0.0,3.0,0.0,285,7000,0.786923076923077,0.5957458765319923,0.7289428164175012,0.9690403010779157,0.6912424776007291,0.337035618536959,0.19902439024390245,0.0,0.26119402985074625,0.0,0.016853932584269662,0.0,0.0627062706270627,0.041666666666666664
248810,장지,38520,함안군,군,1837,-0.254,32.28745631,23.81824826,1.340560317,27.62828424,0.0,207,0.0,27.0,0.0,14.0,0.0,292,7000,0.786923076923077,0.5744870978481009,0.7467497599322368,0.9594849301131592,0.7107370967562503,0.337035618536959,0.19902439024390245,0.0,0.26865671641791045,0.0,0.07865168539325842,0.0,0.0891089108910891,0.0
248A10,가연,38520,함안군,군,1837,-0.254,40.75450823,18.00333871,2.674308891,15.02750429,0.0,207,0.0,46.0,2.0,18.0,0.0,414,7000,0.786923076923077,0.4606821174816377,0.8114120472188162,0.9078322303530544,0.8448512333051865,0.337035618536959,0.19902439024390245,0.0,0.3987206823027718,0.1,0.10112359550561797,0.0,0.15181518151815182,0.0
248550,군북월촌,38520,함안군,군,1837,-0.254,30.66027659,27.27242166,2.162362661,31.07095513,0.0,207,0.0,27.0,1.0,11.0,0.0,325,7000,0.786923076923077,0.596357892764321,0.7083390588185005,0.9276586094975149,0.6740956479200211,0.337035618536959,0.19902439024390245,0.0,0.30383795309168443,0.05,0.06179775280898876,0.0,0.0891089108910891,0.0
248B50,군북,38520,함안군,군,1837,-0.254,34.28995856,25.74398896,1.902244308,28.6709987,0.0,207,0.0,26.0,0.0,6.0,0.0,340,7000,0.786923076923077,0.5475716222612866,0.7253353600499792,0.9377323336247746,0.6996391528174712,0.337035618536959,0.19902439024390245,0.0,0.3198294243070362,0.0,0.033707865168539325,0.0,0.0858085808580858,0.0
248270,함안,38520,함안군,군,1837,-0.254,31.94601904,26.36314113,1.332967821,29.90930072,0.0,207,0.0,28.0,1.0,12.0,0.0,334,7000,0.786923076923077,0.5790763293983344,0.7184503354169393,0.9597789682279605,0.6864595078385028,0.337035618536959,0.19902439024390245,0.0,0.3134328358208955,0.05,0.06741573033707865,0.0,0.09240924092409242,0.0
448720,송진전문,38530,창녕군,군,534,-0.163,46.5680677,26.87348091,3.379060303,23.1918394,0.0,57,0.0,30.0,0.0,9.0,0.0,223,7000,0.7169230769230769,0.38254252089078356,0.7127753137877327,0.8805389954816775,0.7579556000095814,0.08751436231328993,0.05268292682926829,0.0,0.19509594882729211,0.0,0.05056179775280899,0.0,0.09900990099009901,0.0
248770,하리,38530,창녕군,군,534,-0.163,39.30932422,43.25852349,3.016743679,26.50705452,0.0,57,1.0,23.0,2.0,16.0,0.0,224,7000,0.7169230769230769,0.48010672234268553,0.530572250885267,0.8945705994604096,0.7226707037526018,0.08751436231328993,0.05268292682926829,0.04,0.19616204690831557,0.1,0.0898876404494382,0.0,0.07590759075907591,0.0
448510,대지,38530,창녕군,군,534,-0.163,43.56630783,40.96923434,1.792352789,29.04435409,0.0,57,1.0,22.0,2.0,15.0,0.0,260,7000,0.7169230769230769,0.4228889397267493,0.5560293403595736,0.9419881534604919,0.6956654118304508,0.08751436231328993,0.05268292682926829,0.04,0.2345415778251599,0.1,0.08426966292134831,0.0,0.07260726072607261,0.0
448340,남지,38530,창녕군,군,534,-0.163,48.60587515,25.58898163,2.53855678,23.84468462,0.0,57,0.0,22.0,0.0,7.0,0.0,273,7000,0.7169230769230769,0.35515251088150485,0.7270590547038341,0.9130895653320557,0.7510071592521185,0.08751436231328993,0.05268292682926829,0.0,0.24840085287846483,0.0,0.03932584269662921,0.0,0.07260726072607261,0.0
248B00,대성하이스코,38530,창녕군,군,534,-0.163,35.3315418,51.45797497,4.759096638,34.57339674,0.0,57,0.0,6.0,0.0,2.0,0.0,98,7000,0.7169230769230769,0.5335717836754101,0.43939365513357054,0.8270936881281262,0.6368180401685886,0.08751436231328993,0.05268292682926829,0.0,0.06183368869936034,0.0,0.011235955056179775,0.0,0.019801980198019802,0.0
248450,억만,38530,창녕군,군,534,-0.163,39.58982148,43.27387266,2.587791262,27.0075174,0.0,57,1.0,23.0,2.0,16.0,0.0,229,7000,0.7169230769230769,0.4763365806843188,0.5304015668132938,0.9111828387074391,0.7173441170419121,0.08751436231328993,0.05268292682926829,0.04,0.20149253731343283,0.1,0.0898876404494382,0.0,0.07590759075907591,0.0
248AR0,영남,38530,창녕군,군,534,-0.163,37.68291797,48.35974319,6.960430818,32.72921554,0.0,57,0.0,8.0,0.0,3.0,0.0,167,7000,0.7169230769230769,0.5019671211093372,0.47384625524989915,0.7418415981257441,0.6564462512998988,0.08751436231328993,0.05268292682926829,0.0,0.13539445628997868,0.0,0.016853932584269662,0.0,0.026402640264026403,0.0
248560,넥센,38530,창녕군,군,534,-0.163,35.80644301,51.14131931,5.1535925,34.61533513,0.0,57,0.0,6.0,0.0,2.0,0.0,110,7000,0.7169230769230769,0.5271886737818239,0.4429148929244217,0.8118158638712062,0.6363716764525789,0.08751436231328993,0.05268292682926829,0.0,0.07462686567164178,0.0,0.011235955056179775,0.0,0.019801980198019802,0.0
448350,대합,38530,창녕군,군,534,-0.163,37.25431498,46.91309105,5.452135328,30.01477262,0.0,57,1.0,21.0,2.0,16.0,0.0,206,7000,0.7169230769230769,0.5077279402613659,0.48993314971937985,0.8002540572752527,0.685336936628244,0.08751436231328993,0.05268292682926829,0.04,0.17697228144989338,0.1,0.0898876404494382,0.0,0.06930693069306931,0.0
448730,서리전문,38530,창녕군,군,534,-0.163,48.84477501,31.23814383,0.725132706,22.8627408,0.0,57,0.0,20.0,0.0,6.0,0.0,180,7000,0.7169230769230769,0.35194147661199365,0.664239892004238,0.9833188807053056,0.7614583018068986,0.08751436231328993,0.05268292682926829,0.0,0.1492537313432836,0.0,0.033707865168539325,0.0,0.066006600660066,0.0
248250,대합,38530,창녕군,군,534,-0.163,36.64813936,50.064184,6.232213712,34.00278197,0.0,57,0.0,7.0,0.0,2.0,0.0,131,7000,0.7169230769230769,0.5158754991974079,0.454892728910149,0.7700435998145501,0.6428912759114775,0.08751436231328993,0.05268292682926829,0.0,0.09701492537313433,0.0,0.011235955056179775,0.0,0.023102310231023104,0.0
248B10,이당,38540,고성군,군,261,-0.365,23.54014913,16.2009632,6.44619966,42.60685299,0.0,29,1.0,28.0,2.0,13.0,0.0,239,7000,0.8723076923076922,0.692058967169923,0.8314546157271975,0.7617564667368538,0.551315392495386,0.035235541937954806,0.025365853658536587,0.04,0.21215351812366737,0.1,0.07303370786516854,0.0,0.09240924092409242,0.0
448620,마동,38540,고성군,군,261,-0.365,32.21683109,15.50802542,0.760700177,37.02079301,0.0,29,0.0,38.0,2.0,14.0,0.0,258,7000,0.8723076923076922,0.5754363658874869,0.8391601426002827,0.981941442755903,0.6107696178608776,0.035235541937954806,0.025365853658536587,0.0,0.232409381663113,0.1,0.07865168539325842,0.0,0.1254125412541254,0.0
248300,봉암동원,38540,고성군,군,261,-0.365,33.99169405,17.9352317,4.379991553,32.89029864,0.0,29,0.0,13.0,1.0,1.0,0.0,186,7000,0.8723076923076922,0.5515805721325381,0.8121694029453297,0.8417754666242838,0.6547317922779295,0.035235541937954806,0.025365853658536587,0.0,0.15565031982942432,0.05,0.0056179775280898875,0.0,0.0429042904290429,0.0
248610,율대,38540,고성군,군,261,-0.365,29.07606201,16.21766262,3.518312091,40.11103108,0.0,29,1.0,39.0,2.0,14.0,0.0,288,7000,0.8723076923076922,0.617651196605685,0.8312689167607262,0.8751461268879737,0.5778792243984712,0.035235541937954806,0.025365853658536587,0.04,0.2643923240938166,0.1,0.07865168539325842,0.0,0.12871287128712872,0.0
248320,내산,38540,고성군,군,261,-0.365,37.26337934,16.77904519,11.89135702,25.2338301,0.0,29,0.0,10.0,1.0,1.0,0.0,136,7000,0.8723076923076922,0.5076061069099725,0.8250262949784117,0.5508793316115304,0.7362220390190604,0.035235541937954806,0.025365853658536587,0.0,0.1023454157782516,0.05,0.0056179775280898875,0.0,0.033003300330033,0.0
248330,대독,38540,고성군,군,261,-0.365,25.62046131,15.58764195,6.217517866,42.45700067,0.0,29,1.0,29.0,2.0,13.0,0.0,253,7000,0.8723076923076922,0.6640976544204656,0.8382748000353891,0.7706127326600926,0.552910318729032,0.035235541937954806,0.025365853658536587,0.04,0.2270788912579957,0.1,0.07303370786516854,0.0,0.09570957095709572,0.0
448250,율대,38540,고성군,군,261,-0.365,29.24335998,16.35847002,3.034971148,39.58272458,0.0,29,1.0,39.0,2.0,14.0,0.0,273,7000,0.8723076923076922,0.6154025577203811,0.8297031265325917,0.8938646958126029,0.5835021596740524,0.035235541937954806,0.025365853658536587,0.04,0.24840085287846483,0.1,0.07865168539325842,0.0,0.12871287128712872,0.0
448260,회화,38540,고성군,군,261,-0.365,28.25506832,21.57953617,7.012205212,30.06872339,0.0,29,0.0,10.0,1.0,2.0,0.0,214,7000,0.8723076923076922,0.628686108361776,0.7716444282105283,0.7398365071508214,0.684762721304795,0.035235541937954806,0.025365853658536587,0.0,0.18550106609808104,0.05,0.011235955056179775,0.0,0.033003300330033,0.0
248530,장좌,38540,고성군,군,261,-0.365,37.51691552,14.78792194,7.560325143,31.11350593,0.0,29,0.0,12.0,0.0,1.0,0.0,138,7000,0.8723076923076922,0.504198347011993,0.8471677543609549,0.7186092123065141,0.6736427661282501,0.035235541937954806,0.025365853658536587,0.0,0.1044776119402985,0.0,0.0056179775280898875,0.0,0.039603960396039604,0.0
448820,제일,38540,고성군,군,261,-0.365,28.93298053,16.58457024,3.296304259,39.70409441,0.0,29,1.0,38.0,2.0,14.0,0.0,278,7000,0.8723076923076922,0.6195743435493978,0.8271888729134276,0.883743927188743,0.5822103817033132,0.035235541937954806,0.025365853658536587,0.04,0.25373134328358204,0.1,0.07865168539325842,0.0,0.1254125412541254,0.0
448540,세송,38540,고성군,군,261,-0.365,29.50687965,16.17454035,2.814542379,39.47196803,0.0,29,1.0,40.0,2.0,14.0,0.0,278,7000,0.8723076923076922,0.611860610516811,0.8317484400597928,0.9024013430080334,0.5846809771067295,0.035235541937954806,0.025365853658536587,0.04,0.25373134328358204,0.1,0.07865168539325842,0.0,0.132013201320132,0.0
248620,대가룡,38540,고성군,군,261,-0.365,38.63311927,14.80400093,9.903785281,28.45608889,0.0,29,0.0,6.0,0.0,0.0,0.0,72,7000,0.8723076923076922,0.48919554000738874,0.8469889546286947,0.6278529443954917,0.701926506752578,0.035235541937954806,0.025365853658536587,0.0,0.034115138592750525,0.0,0.0,0.0,0.019801980198019802,0.0
248B90,고성양촌·용정,38540,고성군,군,261,-0.365,38.23137586,16.48606082,11.13680914,26.4516497,0.0,29,0.0,6.0,1.0,0.0,0.0,90,7000,0.8723076923076922,0.4945953416525647,0.8282843060171935,0.5801010574000549,0.7232603949958766,0.035235541937954806,0.025365853658536587,0.0,0.05330490405117271,0.05,0.0,0.0,0.019801980198019802,0.0
448270,고현,38550,남해군,군,95,-0.243,24.8846828,18.26119572,14.39063639,78.98829563,2.0,3,1.0,24.0,1.0,12.0,0.0,165,7000,0.7784615384615384,0.6739871956298238,0.8085446554019515,0.45408858001726904,0.16409604691287308,0.0034469551895825352,0.0,0.04,0.13326226012793177,0.05,0.06741573033707865,0.0,0.07920792079207921,0.08333333333333333
248160,대송,38560,하동군,군,159,-0.531,24.16484953,15.75943763,4.608168138,79.2129897,0.0,17,0.0,12.0,0.0,1.0,0.0,141,7000,1.0,0.683662418119717,0.8363644175059217,0.8329387661643581,0.16170455596506741,0.015702795863653772,0.013658536585365855,0.0,0.10767590618336886,0.0,0.0056179775280898875,0.0,0.039603960396039604,0.0
248180,갈사만조선,38560,하동군,군,159,-0.531,20.0598133,11.75643705,6.457415986,83.12362564,0.0,17,0.0,10.0,0.0,1.0,0.0,114,7000,1.0,0.7388378879258323,0.8808781234005052,0.7613220868765239,0.12008240523063306,0.015702795863653772,0.013658536585365855,0.0,0.0788912579957356,0.0,0.0056179775280898875,0.0,0.033003300330033,0.0
448370,적량,38560,하동군,군,159,-0.531,27.36442201,21.47590544,8.997951674,81.09351172,0.0,17,0.0,10.0,0.0,7.0,0.0,170,7000,1.0,0.6406572155169821,0.7727968107157692,0.6629335827159971,0.14168955784794202,0.015702795863653772,0.013658536585365855,0.0,0.13859275053304904,0.0,0.03932584269662921,0.0,0.033003300330033,0.0
448360,고전,38560,하동군,군,159,-0.531,24.91097408,17.44520595,0.843498604,79.21624872,0.0,17,0.0,7.0,0.0,1.0,0.0,163,7000,1.0,0.673633816598671,0.8176185308383546,0.9787348696627347,0.1616698691714697,0.015702795863653772,0.013658536585365855,0.0,0.13113006396588486,0.0,0.0056179775280898875,0.0,0.023102310231023104,0.0
448760,금성조선,38560,하동군,군,159,-0.531,19.03635349,10.58120055,5.102556864,84.37876466,0.0,17,0.0,6.0,0.0,1.0,0.0,93,7000,1.0,0.7525941309113973,0.8939468529377813,0.8137923446223481,0.10672355866842656,0.015702795863653772,0.013658536585365855,0.0,0.05650319829424307,0.0,0.0056179775280898875,0.0,0.019801980198019802,0.0
448530,진교,38560,하동군,군,159,-0.531,19.42192177,22.39165281,3.557262175,73.7210928,0.0,17,0.0,13.0,0.0,5.0,0.0,150,7000,1.0,0.7474117379191347,0.7626136223081575,0.8736376889157034,0.22015657351333667,0.015702795863653772,0.013658536585365855,0.0,0.11727078891257997,0.0,0.028089887640449437,0.0,0.0429042904290429,0.0
248350,매촌2,38570,산청군,군,130,-0.351,41.77463169,59.99809147,1.131798758,74.46014923,0.0,14,0.0,8.0,0.0,7.0,0.0,122,7000,0.8615384615384616,0.44697071811458755,0.3444268354718859,0.9675697358544237,0.21229055923773701,0.010149368058215244,0.01073170731707317,0.0,0.08742004264392325,0.0,0.03932584269662921,0.0,0.026402640264026403,0.0
248AQ0,산청한방항노화,38570,산청군,군,130,-0.351,41.2303343,58.82949785,2.559441375,75.01724117,0.0,14,0.0,8.0,0.0,7.0,0.0,102,7000,0.8615384615384616,0.4542865766173741,0.3574216956202615,0.9122807579329887,0.20636125130537583,0.010149368058215244,0.01073170731707317,0.0,0.06609808102345416,0.0,0.03932584269662921,0.0,0.026402640264026403,0.0
448840,화현,38570,산청군,군,130,-0.351,27.81101608,47.21650393,13.03044301,51.80498073,0.0,14,0.0,0.0,0.0,0.0,0.0,157,7000,0.8615384615384616,0.6346545796706048,0.48655917276508504,0.5067654200472568,0.45341677315500795,0.010149368058215244,0.01073170731707317,0.0,0.12473347547974414,0.0,0.0,0.0,0.0,0.0
248260,매촌,38570,산청군,군,130,-0.351,41.93366056,60.21798108,0.645904656,74.23830242,0.0,14,0.0,8.0,0.0,7.0,0.0,124,7000,0.8615384615384616,0.4448332235534286,0.3419816443625669,0.9863871821520733,0.21465174588549576,0.010149368058215244,0.01073170731707317,0.0,0.08955223880597016,0.0,0.03932584269662921,0.0,0.026402640264026403,0.0
448680,금서2,38570,산청군,군,130,-0.351,41.51757812,59.71471179,1.434337772,74.4306405,0.0,14,0.0,8.0,0.0,7.0,0.0,118,7000,0.8615384615384616,0.4504257549755141,0.3475780415434126,0.955853167109391,0.21260463010162875,0.010149368058215244,0.01073170731707317,0.0,0.08315565031982944,0.0,0.03932584269662921,0.0,0.026402640264026403,0.0
448290,산청,38570,산청군,군,130,-0.351,41.80962957,60.27822544,0.975997441,73.10822685,0.0,14,0.0,8.0,0.0,7.0,0.0,124,7000,0.8615384615384616,0.44650031435612475,0.34131172197078763,0.9736035257351466,0.22667950209637994,0.010149368058215244,0.01073170731707317,0.0,0.08955223880597016,0.0,0.03932584269662921,0.0,0.026402640264026403,0.0
448280,금서,38570,산청군,군,130,-0.351,41.29130885,59.54098742,1.285650028,74.01000329,0.0,14,0.0,8.0,0.0,7.0,0.0,112,7000,0.8615384615384616,0.4534670224760781,0.34950987126922844,0.9616114663485095,0.2170816066414423,0.010149368058215244,0.01073170731707317,0.0,0.07675906183368869,0.0,0.03932584269662921,0.0,0.026402640264026403,0.0
448850,인산죽염,38580,함양군,군,158,-0.236,57.11127145,63.00317561,5.240331988,94.40604525,0.0,7,0.0,0.0,0.0,0.0,0.0,45,7000,0.773076923076923,0.24083214671271058,0.31101004501105683,0.8084566634804065,0.0,0.01551129835312141,0.003902439024390244,0.0,0.005330490405117273,0.0,0.0,0.0,0.0,0.0
448440,이은,38580,함양군,군,158,-0.236,56.08939983,68.16660393,3.261152534,88.24141896,0.0,7,1.0,25.0,1.0,15.0,0.0,246,7000,0.773076923076923,0.2545670429611259,0.25359228424614516,0.8851052643499362,0.06561209189517052,0.01551129835312141,0.003902439024390244,0.04,0.21961620469083157,0.05,0.08426966292134831,0.0,0.08250825082508251,0.0
448490,원평,38580,함양군,군,158,-0.236,56.63812312,72.51452861,1.992828182,84.59018796,0.0,7,1.0,25.0,1.0,15.0,0.0,229,7000,0.773076923076923,0.24719169628378185,0.20524299311081362,0.9342242499139167,0.10447331277584387,0.01551129835312141,0.003902439024390244,0.04,0.20149253731343283,0.05,0.08426966292134831,0.0,0.08250825082508251,0.0
448580,안의,38580,함양군,군,158,-0.236,63.22551247,81.5524266,6.21643067,85.54808359,0.0,7,0.0,5.0,0.0,3.0,0.0,162,7000,0.773076923076923,0.15865111300565324,0.10474080106963565,0.7706548370039418,0.09427812280893626,0.01551129835312141,0.003902439024390244,0.0,0.1300639658848614,0.0,0.016853932584269662,0.0,0.0165016501650165,0.0
248280,휴천,38580,함양군,군,158,-0.236,54.0202448,65.51217669,5.703656771,87.55567016,0.0,7,1.0,25.0,1.0,15.0,0.0,245,7000,0.773076923076923,0.28237839333304127,0.2831097402440982,0.7905132696697265,0.0729107359923138,0.01551129835312141,0.003902439024390244,0.04,0.2185501066098081,0.05,0.08426966292134831,0.0,0.08250825082508251,0.0
448810,함양중방,38580,함양군,군,158,-0.236,63.61942158,79.64141604,2.562737683,88.6219796,0.0,7,0.0,6.0,0.0,3.0,0.0,144,7000,0.773076923076923,0.15335661157194508,0.12599140054601232,0.9121531002838935,0.0615616631248379,0.01551129835312141,0.003902439024390244,0.0,0.11087420042643922,0.0,0.016853932584269662,0.0,0.019801980198019802,0.0
448670,안의2전문,38580,함양군,군,158,-0.236,63.51290935,81.97792255,6.643764562,85.54517414,0.0,7,0.0,5.0,0.0,3.0,0.0,163,7000,0.773076923076923,0.15478823409634532,0.10000925002458527,0.7541052791254319,0.09430908901707029,0.01551129835312141,0.003902439024390244,0.0,0.13113006396588486,0.0,0.016853932584269662,0.0,0.0165016501650165,0.0
448430,함양수동,38580,함양군,군,158,-0.236,54.80902743,70.28700611,2.062143494,83.98390435,0.0,7,1.0,27.0,1.0,16.0,0.0,274,7000,0.773076923076923,0.27177642790650147,0.23001323219945435,0.9315398436702599,0.11092618340619885,0.01551129835312141,0.003902439024390244,0.04,0.24946695095948826,0.05,0.0898876404494382,0.0,0.0891089108910891,0.0
248200,함양,38580,함양군,군,158,-0.236,56.52653748,72.87260648,2.793975956,83.99700582,0.0,7,1.0,16.0,1.0,10.0,0.0,215,7000,0.773076923076923,0.24869151011383325,0.20126113683225696,0.9031978284124543,0.1107867402650962,0.01551129835312141,0.003902439024390244,0.04,0.1865671641791045,0.05,0.056179775280898875,0.0,0.052805280528052806,0.0
448480,서울우유,38590,거창군,군,189,-0.278,65.88169214,80.19284338,1.164927157,79.64517472,3.0,27,0.0,51.0,3.0,30.0,0.0,227,7000,0.8053846153846155,0.12294961051691582,0.1198594817654778,0.9662867569778667,0.1571046723851081,0.021447721179624662,0.023414634146341463,0.0,0.19936034115138593,0.15000000000000002,0.16853932584269662,0.0,0.16831683168316833,0.125
448740,석강2,38590,거창군,군,189,-0.278,61.3370512,74.76325515,2.033924566,71.13962977,0.0,27,0.0,5.0,0.0,1.0,0.0,101,7000,0.8053846153846155,0.18403377273017,0.18023696329932046,0.9326326911858638,0.24763191128411094,0.021447721179624662,0.023414634146341463,0.0,0.0650319829424307,0.0,0.0056179775280898875,0.0,0.0165016501650165,0.0
248230,거창,38590,거창군,군,189,-0.278,63.98844138,78.67703993,2.77093154,78.81869771,3.0,27,0.0,51.0,3.0,30.0,0.0,214,7000,0.8053846153846155,0.14839664540064568,0.13671534466602592,0.9040902802013437,0.16590113189106886,0.021447721179624662,0.023414634146341463,0.0,0.18550106609808104,0.15000000000000002,0.16853932584269662,0.0,0.16831683168316833,0.125
448830,승강기전문,38590,거창군,군,189,-0.278,64.37869242,79.52805301,2.891047026,79.80291207,3.0,27,0.0,51.0,3.0,30.0,0.0,225,7000,0.8053846153846155,0.143151311798724,0.12725200705252923,0.8994385120526515,0.15542582325190282,0.021447721179624662,0.023414634146341463,0.0,0.19722814498933902,0.15000000000000002,0.16853932584269662,0.0,0.16831683168316833,0.125
448230,당산,38590,거창군,군,189,-0.278,74.02282275,90.97149156,10.78845192,88.35695167,0.0,27,0.0,3.0,0.0,0.0,0.0,127,7000,0.8053846153846155,0.013525312900011202,0.0,0.593592049064219,0.06438244026199456,0.021447721179624662,0.023414634146341463,0.0,0.09275053304904052,0.0,0.0,0.0,0.009900990099009901,0.0
448240,정장,38590,거창군,군,189,-0.278,65.63851863,79.84900034,1.168667085,79.31171056,3.0,27,0.0,51.0,3.0,30.0,0.0,214,7000,0.8053846153846155,0.12621808658068306,0.12368304552735447,0.9661419190512334,0.16065383823562493,0.021447721179624662,0.023414634146341463,0.0,0.18550106609808104,0.15000000000000002,0.16853932584269662,0.0,0.16831683168316833,0.125
448210,석강,38590,거창군,군,189,-0.278,61.64512807,75.06389715,1.880735286,71.51037652,0.0,27,0.0,5.0,0.0,1.0,0.0,101,7000,0.8053846153846155,0.179892935698228,0.1768937987655898,0.9385653234979465,0.24368593488805668,0.021447721179624662,0.023414634146341463,0.0,0.0650319829424307,0.0,0.0056179775280898875,0.0,0.0165016501650165,0.0
448220,남산,38590,거창군,군,189,-0.278,75.02910144,90.92634746,10.72472987,89.19310811,0.0,27,0.0,3.0,0.0,0.0,0.0,130,7000,0.8053846153846155,0.0,0.000502006220112948,0.5960598424556505,0.055482959482597904,0.021447721179624662,0.023414634146341463,0.0,0.09594882729211088,0.0,0.0,0.0,0.009900990099009901,0.0
248B80,거창첨단,38590,거창군,군,189,-0.278,64.15988828,79.52005332,3.244132282,79.96013059,3.0,27,0.0,51.0,3.0,30.0,0.0,220,7000,0.8053846153846155,0.14609224107281774,0.12734096428368394,0.885764415544948,0.15375249619254872,0.021447721179624662,0.023414634146341463,0.0,0.19189765458422176,0.15000000000000002,0.16853932584269662,0.0,0.16831683168316833,0.125
448450,야로,38600,합천군,군,171,-0.37,48.7391011,70.37892264,0.562875995,61.26444999,0.0,9,0.0,4.0,0.0,2.0,0.0,73,7000,0.8761538461538462,0.35336183134306487,0.2289911125915499,0.9896026716241667,0.3527366123197173,0.01800076599004213,0.005853658536585367,0.0,0.03518123667377399,0.0,0.011235955056179775,0.0,0.013201320132013201,0.0
448470,적중,38600,합천군,군,171,-0.37,49.73036321,49.66900836,15.96443086,44.73896577,0.0,9,0.0,2.0,0.0,2.0,0.0,129,7000,0.8761538461538462,0.3400383551163395,0.45928711553690876,0.39313951148388926,0.5286226333448183,0.01800076599004213,0.005853658536585367,0.0,0.09488272921108742,0.0,0.011235955056179775,0.0,0.006600660066006601,0.0
448460,율곡,38600,합천군,군,171,-0.37,55.40062687,57.09771714,13.00737088,54.93854939,0.0,9,2.0,15.0,1.0,8.0,0.0,139,7000,0.8761538461538462,0.26382478626190753,0.37667924396637065,0.5076589451290808,0.4200651983461242,0.01800076599004213,0.005853658536585367,0.08,0.10554371002132196,0.05,0.0449438202247191,0.0,0.04950495049504951,0.0
