DAN_ID,DAN_NAME,SIGUNGU_CD,SIGUNGU_NM,TYPE,환경오염물질_배출사업장수,낙후도지수,공항거리,항만거리,고속도로거리,화물역거리,univ_count,연구소전담부서,mart_count,store_count,hospital_count,pharmacy_count,subway_count,bus_count,BUFFER_M
326050,금곡,21080,북구,구,87,0.769,10.73232901,19.91077345,1.812370796,6.083906624,,43,2,48,1,34,4,243,3000
226040,센텀시티,21090,해운대구,구,192,0.769,17.12529946,13.89962613,4.866338005,8.42355652,2,362,23,303,14,178,13,591,3000
326060,센텀2,21090,해운대구,구,192,0.769,18.26346029,18.07697659,4.95009874,12.1536317,12,362,9,95,4,87,6,362,3000
226030,신평·장림,21100,사하구,구,963,0.769,10.71400473,5.602722137,7.736177018,8.583155971,,234,20,185,18,110,9,580,3000
226140,산양,21100,사하구,구,963,0.769,12.42225402,6.746257572,9.549658561,10.79161566,,234,10,88,7,51,7,403,3000
226032,신평.장림(협업),21100,사하구,구,963,0.769,12.30353094,7.030178105,9.455096031,10.9760914,1,234,10,82,6,47,7,375,3000
226031,신평.장림(기존),21100,사하구,구,963,0.769,10.49724529,5.905266354,7.530742937,8.741107062,1,234,19,182,18,107,9,550,3000
326010,회동·석대,21110,금정구,구,233,0.769,18.10025997,19.34894867,3.176948537,13.11235684,17,143,2,58,3,42,6,244,3000
226330,부산연구개발,21120,강서구,구,874,0.769,3.492591938,15.73711754,2.016752919,11.76765406,,872,2,30,1,7,8,268,3000
226100,미음,21120,강서구,구,874,0.769,8.173416385,12.07400827,3.917318056,3.107430614,,872,,40,,3,,239,3000
226300,지사글로벌,21120,강서구,구,874,0.769,11.44274825,10.62470559,5.656674741,4.148845743,,872,1,35,2,15,,177,3000
226012,부산과학(외국인),21120,강서구,구,874,0.769,11.57943397,10.95801919,5.174950609,4.682510879,,872,1,45,2,19,,232,3000
226130,성우,21120,강서구,구,874,0.769,10.67516886,10.53093834,6.330535174,3.125947699,,872,,22,,5,,158,3000
126011,명지·녹산(녹산),21120,강서구,구,874,0.769,12.49588918,7.538340841,8.749742086,1.938246031,,872,,44,2,8,,417,3000
226280,정주,21120,강서구,구,874,0.769,10.54296627,11.47269632,5.210054656,4.303646407,,872,1,45,2,17,,239,3000
226020,신호,21120,강서구,구,874,0.769,11.07821305,9.980614752,8.123183252,4.021417739,,872,,65,5,20,,405,3000
226090,화전,21120,강서구,구,874,0.769,9.908436011,10.67929616,6.850906366,3.448737252,,872,,56,3,12,,394,3000
226210,부산명동,21120,강서구,구,874,0.769,9.775103512,11.24472421,5.43038842,3.20036986,,872,,25,,5,,199,3000
226011,부산과학(산업),21120,강서구,구,874,0.769,10.76881646,10.77669365,5.958340567,3.600958584,,872,,25,,9,,159,3000
226150,부산신항배후(1단계),21120,강서구,구,874,0.769,6.829902997,13.3196552,2.612741352,4.263580832,,872,,33,,,,222,3000
226160,생곡,21120,강서구,구,874,0.769,6.944420489,13.00003478,3.427442512,4.05946656,,872,,47,,,,272,3000
126012,명지·녹산(명지),21120,강서구,구,874,0.769,11.02665705,11.36555683,8.949243976,6.388152371,,872,1,73,6,31,,391,3000
226200,풍상,21120,강서구,구,874,0.769,9.201643375,11.4064021,4.875855893,2.860204718,,872,,30,,3,,219,3000
226180,강서보고,21120,강서구,구,874,0.769,10.01015401,11.76180886,5.313350014,4.193281673,,872,1,42,2,17,,243,3000
226220,지사2,21120,강서구,구,874,0.769,11.3667858,11.27064162,4.909318413,4.833937527,,872,1,53,2,19,,248,3000
226320,부산명서,21120,강서구,구,874,0.769,10.94233124,10.29678951,6.497690839,3.111128702,,872,,21,,5,,133,3000
126010,명지·녹산,21120,강서구,구,874,0.769,12.09630385,8.438540604,8.719903369,2.661548971,,872,,38,1,5,,391,3000
12601A,녹산(산업),21120,강서구,구,874,0.769,13.45565254,6.473734346,9.494022933,1.771508899,,872,,78,4,22,,429,3000
226102,미음(외국인),21120,강서구,구,874,0.769,9.477026051,10.47598308,5.487576599,1.41331143,,872,,22,,,,214,3000
226101,미음(산업),21120,강서구,구,874,0.769,7.714492681,13.08740541,3.372842937,4.346202906,,872,,41,,3,,254,3000
226010,부산과학,21120,강서구,구,874,0.769,10.79144768,11.10528611,5.490390167,4.070910032,,872,1,39,2,17,,199,3000
326040,부산에코델타시티,21120,강서구,구,874,0.769,6.987758483,12.15136341,5.126458254,5.948022736,,872,1,50,2,19,,359,3000
226310,강서해성,21120,강서구,구,874,0.769,11.63811268,9.7100439,6.747031889,3.200789255,,872,,15,,3,,112,3000
326030,모라,21150,사상구,구,1646,0.769,4.419462477,13.51121807,0.294401705,9.176092744,9,332,9,124,6,62,12,494,3000
226290,사상,21150,사상구,구,1646,0.769,5.410812937,9.039115289,2.772617119,6.846803697,8,332,17,130,9,64,5,421,3000
226260,오리,21510,기장군,군,501,0.555,26.8144786,15.77999975,4.990255002,10.29376223,1,243,4,64,2,22,4,429,7000
226250,반룡,21510,기장군,군,501,0.555,30.1383245,18.96646755,1.794927527,13.60917491,1,243,3,56,2,16,3,490,7000
226240,부산신소재,21510,기장군,군,501,0.555,28.89969502,17.50060669,3.235323766,12.16087872,1,243,3,40,2,10,3,384,7000
226060,정관,21510,기장군,군,501,0.555,27.98012141,24.2350599,3.886173218,16.27343288,1,243,5,101,5,36,2,653,7000
226270,에코장안,21510,기장군,군,501,0.555,27.56228864,16.95713235,3.954612571,11.41932115,,243,4,63,2,20,3,400,7000
226080,부산장안,21510,기장군,군,501,0.555,30.15413689,18.56327038,2.458881728,13.30912666,,243,3,46,2,13,3,428,7000
226190,정관코리,21510,기장군,군,501,0.555,28.92341104,23.3558328,2.810650945,17.40569079,,243,5,103,5,38,3,661,7000
226070,기룡,21510,기장군,군,501,0.555,27.36263461,17.00775051,4.080246156,11.42740223,,243,4,62,2,21,3,396,7000
226110,기룡2,21510,기장군,군,501,0.555,27.09247117,16.75303213,4.35635942,11.16345767,,243,4,62,2,21,4,395,7000
226120,명례,21510,기장군,군,501,0.555,26.32570962,16.43827575,4.802908116,10.77887133,,243,4,58,3,20,4,388,7000
426010,정관,21510,기장군,군,501,0.555,28.49701434,23.69079258,3.679307418,16.42550866,,243,6,94,3,42,1,657,7000
226230,동남권방사선,21510,기장군,군,501,0.555,31.35601664,20.03658646,1.270291262,14.74507874,,243,5,86,5,31,4,558,7000
226170,동부산E-PARK,21510,기장군,군,501,0.555,26.58841504,16.06829375,4.941267503,10.48961916,,243,4,62,2,20,4,409,7000
231060,울산 High Tech Valley,26510,울주군,군,978,0.39,25.44905016,30.3450642,2.555812441,22.18396487,,386,1,60,3,23,,492,7000
231040,길천,26510,울주군,군,978,0.39,24.84086459,34.244192,5.883664071,25.87028071,8,386,1,50,4,22,,375,7000
131010,온산,26510,울주군,군,978,0.39,18.02303062,5.78450822,7.795526732,0.450402137,,386,1,86,,24,2,292,7000
231030,신,26510,울주군,군,978,0.39,13.48404578,7.230426414,4.605963116,0.998925266,8,386,4,157,2,43,3,516,7000
231120,와지,26510,울주군,군,978,0.39,24.40162618,22.5421992,8.794263171,15.42331864,8,386,3,94,4,28,,585,7000
431040,상북,26510,울주군,군,978,0.39,25.20733674,34.94557143,6.664952594,26.41126538,,386,1,40,4,22,,321,7000
431020,두동,26510,울주군,군,978,0.39,18.0614517,30.94625731,1.535793195,22.6484599,4,386,,4,,,,120,7000
431030,두서,26510,울주군,군,978,0.39,18.36903573,31.02159537,5.009665126,21.86975,4,386,,8,,,,212,7000
231230,울산청양,26510,울주군,군,978,0.39,16.36964238,8.678887339,4.042107844,3.15853995,8,386,1,100,,26,4,409,7000
231090,KCC울산,26510,울주군,군,978,0.39,18.6875165,31.56532054,1.517133836,22.95125433,,386,,6,,,,139,7000
231080,봉계,26510,울주군,군,978,0.39,18.29648562,31.17561584,1.439674112,22.93445051,,386,,4,,,,110,7000
231140,작동,26510,울주군,군,978,0.39,19.94057086,20.89333277,7.275118674,12.96012674,4,386,,22,,3,,336,7000
231130,반천,26510,울주군,군,978,0.39,18.72047854,26.59131014,1.41750504,18.43556801,4,386,1,70,2,24,,499,7000
231190,GW,26510,울주군,군,978,0.39,21.71671306,17.30412593,4.326069366,10.79346639,,386,3,96,2,30,2,560,7000
231110,전읍,26510,울주군,군,978,0.39,18.16238034,30.78891086,5.292555823,21.6085979,,386,,8,,,,215,7000
231210,에너지융합,26510,울주군,군,978,0.39,26.71458218,13.35221592,8.003951838,8.658231622,,386,,50,1,8,2,315,7000
231240,머거본,26510,울주군,군,978,0.39,26.11287387,29.91780474,1.178204309,21.85259371,,386,,32,1,5,,374,7000
231270,대대,26510,울주군,군,978,0.39,21.88621757,18.82539663,6.204616295,11.87123443,,386,2,70,2,20,,535,7000
231260,울산KTX역세권,26510,울주군,군,978,0.39,20.67962726,27.5319655,0.68483691,19.31164695,,386,1,69,3,23,,515,7000
231250,울산도하,26510,울주군,군,978,0.39,13.85109294,7.766126705,3.987023393,0.716887063,,386,4,139,1,39,4,512,7000
248600,나전,38070,김해시,시,5299,0.476,13.52925829,26.02570151,1.545779227,8.307005939,,1028,1,68,4,18,2,292,5000
248830,김해테크노밸리,38070,김해시,시,5299,0.476,18.39091948,17.79129818,1.741162697,6.625891133,,1028,2,50,1,12,,297,5000
448030,내삼,38070,김해시,시,5299,0.476,13.09011355,16.03072445,1.679996239,10.34125062,,1028,6,139,6,41,,514,5000
248720,오척,38070,김해시,시,5299,0.476,21.4138651,17.42238352,1.341719344,8.064516921,,1028,4,94,2,30,,440,5000
248510,주호,38070,김해시,시,5299,0.476,23.46876129,21.82490733,3.105359657,5.597240477,,1028,3,82,2,25,,448,5000
248AG0,본산,38070,김해시,시,5299,0.476,23.72148137,22.39570776,3.408229418,5.352053051,,1028,3,74,2,25,,437,5000
248710,나전2,38070,김해시,시,5299,0.476,13.45984186,25.43886097,2.100681386,7.93605479,,1028,2,77,4,24,3,333,5000
248890,이노비즈밸리,38070,김해시,시,5299,0.476,13.37934405,19.31512485,4.41769348,7.642554388,,1028,7,159,12,63,4,602,5000
448650,하계,38070,김해시,시,5299,0.476,22.11049626,17.55714988,0.675927275,8.396072972,,1028,4,97,2,30,,439,5000
448060,병동,38070,김해시,시,5299,0.476,17.44718015,19.91929307,2.165512154,4.66627883,,1028,2,37,,1,,262,5000
448020,봉림,38070,김해시,시,5299,0.476,19.46070584,27.52608507,5.565844295,4.078203098,,1028,,8,,2,,130,5000
448500,안하,38070,김해시,시,5299,0.476,16.60681544,23.51775733,2.000014421,3.626542307,,1028,1,31,,6,1,240,5000
248910,덕암2,38070,김해시,시,5299,0.476,14.49574811,18.67938747,4.002200836,7.195515515,9,1028,2,77,2,16,2,361,5000
448010,나전,38070,김해시,시,5299,0.476,14.82915156,25.95540328,1.981192973,6.893072934,9,1028,1,55,3,17,2,246,5000
448050,진영죽곡,38070,김해시,시,5299,0.476,19.32820077,19.35176534,1.412407584,5.165851866,14,1028,3,84,2,25,,392,5000
248850,서김해,38070,김해시,시,5299,0.476,9.437326195,16.68786825,1.490955054,10.25517748,14,1028,15,250,20,117,5,978,5000
248880,김해가산,38070,김해시,시,5299,0.476,22.3179571,22.13329307,2.132665928,4.193425489,14,1028,3,80,2,24,,423,5000
248AM0,AM하이테크,38070,김해시,시,5299,0.476,16.20542275,14.11733984,2.383734501,10.55649778,,1028,1,57,1,20,,230,5000
448550,본산,38070,김해시,시,5299,0.476,22.73219496,22.55343684,2.616247395,4.245736357,9,1028,3,80,2,26,,428,5000
248010,덕암,38070,김해시,시,5299,0.476,14.10494482,18.72220978,4.226605311,7.44304923,,1028,3,116,5,31,3,474,5000
248920,김해사이언스파크,38070,김해시,시,5299,0.476,16.61704094,20.94262039,1.104224896,4.275268261,5,1028,2,34,,1,,224,5000
248B60,하계,38070,김해시,시,5299,0.476,22.61197898,17.78690079,0.434337236,8.552040615,14,1028,4,99,2,30,,452,5000
248640,김해명동,38070,김해시,시,5299,0.476,17.68789001,21.01823926,1.176829463,3.644318623,14,1028,2,36,,1,,254,5000
248A50,병동,38070,김해시,시,5299,0.476,17.98086862,20.76193386,1.616397462,3.762098201,,1028,2,37,,1,,270,5000
248AK0,이지(Eco-Zone),38070,김해시,시,5299,0.476,10.40673376,17.51720521,0.94331255,11.45192537,,1028,15,243,20,116,7,902,5000
248AX0,원지,38070,김해시,시,5299,0.476,12.91391545,19.48433628,4.132779779,7.94876623,,1028,8,168,13,66,5,628,5000
248240,김해GoldenRoot,38070,김해시,시,5299,0.476,10.84500338,16.10944829,1.9463303,11.0900248,,1028,12,216,15,87,3,845,5000
248960,신천,38070,김해시,시,5299,0.476,14.25091995,20.77951345,3.084632405,6.219509345,,1028,4,110,5,36,3,457,5000
248AT0,김해대동첨단,38070,김해시,시,5299,0.476,11.54508678,22.18881048,0.787963049,4.518254402,,1028,4,88,3,52,6,457,5000
248120,사포,38080,밀양시,시,586,-0.18,36.79071989,35.05554371,6.16693141,3.563746634,,94,3,66,7,34,,270,5000
148090,밀양나노,38080,밀양시,시,586,-0.18,39.64285638,37.91238093,4.830764392,4.22926397,,94,3,71,7,33,,306,5000
248AI0,용전3,38080,밀양시,시,586,-0.18,29.50780151,36.53129818,10.34755215,7.49041234,,94,,11,,4,,108,5000
448640,제대,38080,밀양시,시,586,-0.18,38.96872282,36.63811094,4.474005362,4.363697362,,94,3,69,7,33,,292,5000
448090,상남특별,38080,밀양시,시,586,-0.18,30.92246828,32.27481915,11.16689844,5.89207569,,94,,7,,2,,109,5000
448110,하남,38080,밀양시,시,586,-0.18,30.25413379,27.18856678,10.73151185,10.12710914,,94,,7,1,5,,120,5000
448800,대미,38080,밀양시,시,586,-0.18,28.50343641,34.16783373,11.62552245,7.58919142,,94,,14,,5,,127,5000
448700,춘화,38080,밀양시,시,586,-0.18,40.83917242,41.37507959,5.457803039,7.443480646,,94,1,41,2,15,,234,5000
248310,용전,38080,밀양시,시,586,-0.18,28.68215595,35.24960397,11.20211997,7.771104893,,94,,12,,4,,116,5000
448780,미전,38080,밀양시,시,586,-0.18,27.8083222,33.25047383,12.4128031,8.231798399,,94,,12,,5,,134,5000
448100,초동특별,38080,밀양시,시,586,-0.18,37.00511585,27.91693387,8.90403475,12.00484443,,94,,2,,,,77,5000
248380,밀양하남,38080,밀양시,시,586,-0.18,30.29286188,26.82288527,10.64555993,10.20460168,,94,,7,1,5,,137,5000
448080,부북특별,38080,밀양시,시,586,-0.18,40.6433514,39.71141304,5.070826023,4.675093199,,94,3,70,7,32,,322,5000
248410,덕계,38100,양산시,시,1556,0.39,29.2171985,23.64637673,6.987865736,15.19450759,,433,4,96,4,46,,586,5000
248220,산막,38100,양산시,시,1556,0.39,23.86782815,32.40087344,1.658770159,7.860080704,,433,5,87,4,37,1,344,5000
248A90,양산석계2,38100,양산시,시,1556,0.39,28.71530785,30.81844475,4.300295554,12.66475325,1,433,,15,,5,,165,5000
248040,양산,38100,양산시,시,1556,0.39,22.51747721,32.22211787,2.115726962,6.547087735,,433,5,135,9,67,2,404,5000
448150,웅상,38100,양산시,시,1556,0.39,29.1206697,24.190294,8.239659087,14.66303664,,433,3,89,3,34,,518,5000
248A30,양산용당,38100,양산시,시,1556,0.39,22.83838059,19.57305594,6.570406427,12.76217339,7,433,2,65,2,18,,423,5000
248050,어곡,38100,양산시,시,1556,0.39,23.09305022,33.39668171,3.038246328,7.482425556,8,433,5,91,4,41,1,351,5000
248980,토정,38100,양산시,시,1556,0.39,22.28645023,32.57312534,3.272690188,6.653224773,,433,5,133,9,68,2,420,5000
248A80,서창,38100,양산시,시,1556,0.39,25.55496503,22.88620917,9.53409393,16.07124756,,433,3,75,2,20,,479,5000
248660,덕계경동스마트밸리,38100,양산시,시,1556,0.39,28.6990025,24.63983558,8.480115428,14.2128089,,433,3,84,3,34,,524,5000
248500,양산유산,38100,양산시,시,1556,0.39,21.85598467,31.76377988,2.88331046,5.961874143,5,433,5,147,11,74,2,448,5000
248700,어곡2,38100,양산시,시,1556,0.39,24.17650019,34.80628492,3.977298086,8.864858215,6,433,1,38,2,12,,211,5000
248AV0,가산,38100,양산시,시,1556,0.39,14.99583958,24.36160949,1.650739406,1.669930265,1,433,6,167,14,89,7,460,5000
248150,창원죽곡,38115,창원시 진해구,구,609,0.494,21.03275197,3.46008954,12.4295324,9.480474098,,1001,1,16,,10,,120,3000
248170,남양,38115,창원시 진해구,구,609,0.494,16.18335498,6.616867957,9.438997188,6.235198404,,1001,1,29,,6,,104,3000
248070,마천,38115,창원시 진해구,구,609,0.494,15.42161053,6.782065645,9.098094033,5.448949946,,1001,,41,1,12,,106,3000
248A70,안골,38115,창원시 진해구,구,609,0.494,16.51466493,3.876293713,12.05525826,3.284406131,,1001,,72,3,20,,202,3000
248AH0,창원죽곡2,38115,창원시 진해구,구,609,0.494,21.30660199,3.588244417,12.85354219,9.326779321,,1001,1,12,,9,,107,3000
12601B,녹산(주거),38115,창원시 진해구,구,609,0.494,14.64870589,5.75742895,10.45313955,3.446002301,,1001,,76,3,20,,273,3000
331010,울산장현,26010,중구,구,77,0.684,0.629440786,13.32822472,6.009339553,5.865391467,1,87,7,73,4,32,,277,3000
231180,울산테크노,26020,남구,구,221,0.684,10.37902767,11.83070814,3.950990507,4.242721088,4,209,3,79,3,37,2,228,3000
131020,울산·미포,26020,남구,구,221,0.684,8.140647728,9.06221876,8.284598891,2.287751361,,209,7,94,3,30,1,195,3000
431010,달천,26040,북구,구,209,0.684,5.983898287,18.75955717,3.458935866,11.37380177,1,160,,17,1,9,,103,3000
231070,이화,26040,북구,구,209,0.684,8.547928968,19.72906646,7.42623682,14.41010687,,160,,16,,3,,58,3000
231020,모듈화,26040,북구,구,209,0.684,3.459691867,9.460213425,9.806027349,3.879480184,,160,7,68,4,26,,188,3000
231200,모바일테크밸리,26040,북구,구,209,0.684,5.69097811,18.4195748,3.719107086,11.16937667,,160,,24,3,13,,112,3000
231150,매곡2,26040,북구,구,209,0.684,6.545967304,17.31098469,8.026307352,12.34682668,,160,,50,4,23,,124,3000
231050,중산,26040,북구,구,209,0.684,6.694734527,17.79296101,7.631882089,12.53900053,,160,,53,5,25,,140,3000
231160,매곡3,26040,북구,구,209,0.684,5.351927282,15.97981895,7.865920747,11.07794664,,160,,55,5,29,,139,3000
231170,중산2,26040,북구,구,209,0.684,7.686773778,18.8581543,7.908548302,13.54552103,,160,,30,1,9,,101,3000
231010,매곡,26040,북구,구,209,0.684,6.011355604,16.7678264,7.874138733,11.79335516,,160,,58,5,30,,137,3000
248140,정촌,38030,진주시,시,870,0.137,5.025830272,23.51960827,1.278953747,50.31073285,,263,3,78,1,21,,313,5000
248090,진주(사봉),38030,진주시,시,870,0.137,21.85961143,27.00410334,4.23059819,33.39522269,11,263,,5,,4,,201,5000
148081,경남항공(진주),38030,진주시,시,870,0.137,4.555701644,23.50166141,0.848257446,51.21364051,11,263,3,84,1,23,,312,5000
248570,진주가산,38030,진주시,시,870,0.137,23.50451089,23.5609413,9.414879794,30.81982638,,263,,2,,4,,122,5000
448610,실크전문,38030,진주시,시,870,0.137,11.95300858,28.49182963,1.5896449,43.71760448,,263,2,55,2,19,,265,5000
448190,진성,38030,진주시,시,870,0.137,16.76893714,32.0396076,1.65571701,38.99054105,,263,,1,,1,,135,5000
248060,진주상평,38030,진주시,시,870,0.137,10.95326818,29.48774749,1.481460487,47.40488745,1,263,20,255,17,135,,571,5000
448180,이반성,38030,진주시,시,870,0.137,23.9972087,23.02453354,9.846984379,30.33838563,24,263,,,,2,,118,5000
448170,사봉,38030,진주시,시,870,0.137,22.92761379,26.64143658,3.015592069,32.77609746,,263,,5,,4,,187,5000
448590,생물산업전문,38030,진주시,시,870,0.137,11.38757742,27.92181118,1.963315423,44.11814359,,263,2,57,2,20,,280,5000
248AB0,진주뿌리,38030,진주시,시,870,0.137,4.292104709,22.29181515,1.330537844,50.38077774,,263,4,77,2,23,,300,5000
248730,지수,38030,진주시,시,870,0.137,23.7699197,29.04265729,1.340983616,34.40950786,,263,,2,,,,150,5000
448160,대곡,38030,진주시,시,870,0.137,21.36249791,36.63373395,8.278312692,41.67982594,,263,,2,,1,,143,5000
148010,안정,38050,통영시,시,316,0,35.13439371,13.6874084,3.679314107,36.67134145,,17,,10,,1,,116,5000
248520,법송동원,38050,통영시,시,316,0,34.5654452,9.303279403,4.079540329,43.76017432,,17,3,27,,7,,186,5000
248AA0,법송2,38050,통영시,시,316,0,34.7103657,8.986965077,4.43348674,44.54972967,,17,3,19,,6,,181,5000
248022,사천1(외국인),38060,사천시,시,531,-0.059,2.926221287,16.88554643,2.899905855,56.2487674,1,77,2,65,2,16,,269,5000
248AZ0,용당(항공MRO),38060,사천시,시,531,-0.059,0.973505723,18.49772748,2.740117876,54.50472104,1,77,2,68,2,16,,293,5000
248970,종포,38060,사천시,시,531,-0.059,7.055242242,13.32902255,6.459582551,58.92982962,,77,,18,,1,,178,5000
248021,사천1(산업),38060,사천시,시,531,-0.059,2.334102923,17.51441941,2.375514497,56.0057544,,77,2,65,2,16,,280,5000
448130,사남,38060,사천시,시,531,-0.059,2.406755867,17.06566511,3.380323506,55.07313123,,77,2,66,2,16,,279,5000
248030,사천2,38060,사천시,시,531,-0.059,4.148174777,16.4374794,3.23818267,57.68121436,,77,2,49,1,13,,230,5000
448520,두량전문,38060,사천시,시,531,-0.059,4.263630776,21.21916217,2.496063501,50.07286685,,77,4,50,2,17,,261,5000
248780,축동,38060,사천시,시,531,-0.059,3.286513616,22.52087987,0.915909879,52.38067825,,77,4,76,2,20,,298,5000
248790,대동,38060,사천시,시,531,-0.059,3.439712107,22.53887772,0.560604092,52.03144634,,77,4,83,2,23,,308,5000
248AE0,금진,38060,사천시,시,531,-0.059,14.49652625,19.34790359,2.149677986,68.6997872,,77,,11,,7,,71,5000
248420,흥사,38060,사천시,시,531,-0.059,5.766917043,22.23161917,3.560401863,59.11123299,,77,,3,,2,,150,5000
248AD0,대진,38060,사천시,시,531,-0.059,8.071787451,16.54159887,3.22896759,62.01954983,,77,,8,,5,,132,5000
448140,송포,38060,사천시,시,531,-0.059,12.77032014,7.316248293,12.10882513,60.79713984,,77,5,27,1,13,,154,5000
148082,경남항공(사천),38060,사천시,시,531,-0.059,6.644832084,13.51913946,6.174152816,58.4575017,,77,,24,,1,,188,5000
448120,곤양,38060,사천시,시,531,-0.059,11.38235966,19.93762838,1.396216036,65.70424174,,77,,3,,3,,82,5000
448710,향촌삽재,38060,사천시,시,531,-0.059,17.74421878,2.914530414,18.22791168,59.12799151,,77,7,50,2,25,,229,5000
448660,축동구호,38060,사천시,시,531,-0.059,2.284320673,20.67842026,1.221958341,56.0073067,,77,2,56,2,15,,263,5000
248AN0,향촌2,38060,사천시,시,531,-0.059,18.75573485,2.257621762,19.19582226,59.79253509,,77,7,50,2,25,,227,5000
248B70,사천서부,38060,사천시,시,531,-0.059,11.47009451,19.15221366,1.496616901,65.76074801,,77,,5,,3,,84,5000
248020,사천1,38060,사천시,시,531,-0.059,2.355948496,17.31884661,2.692752358,55.76463973,10,77,2,65,2,16,,277,5000
148080,경남항공,38060,사천시,시,531,-0.059,6.303469996,13.93238091,5.769294079,58.40297415,10,77,,29,,1,,185,5000
148030,죽도,38090,거제시,시,276,0.012,43.67073788,1.589737594,14.40267628,26.11184712,,44,8,126,6,47,,298,5000
448600,한내조선특화,38090,거제시,시,276,0.012,41.38240187,1.768145015,15.65573417,23.96751143,,44,,40,,4,,128,5000
248100,오비,38090,거제시,시,276,0.012,41.32892425,1.750040734,16.61295127,23.76153663,,44,8,121,6,47,,301,5000
248750,모사,38090,거제시,시,276,0.012,41.10145807,2.450430535,15.79874014,23.74283731,,44,,7,,,,80,5000
248A20,오비2,38090,거제시,시,276,0.012,41.73143715,1.226697118,16.09973008,24.1765174,,44,8,124,6,46,,301,5000
248A60,덕곡,38090,거제시,시,276,0.012,38.5784984,5.146506916,18.15272145,21.3877577,,44,,7,,,,125,5000
148050,지세포자원비축,38090,거제시,시,276,0.012,45.46953668,6.073863619,26.11587048,29.06966465,1,44,,16,,2,,75,5000
148020,옥포,38090,거제시,시,276,0.012,39.57117702,1.044119764,24.00938806,22.48608441,1,44,8,113,2,26,,209,5000
248B30,창원덕산,38111,창원시 의창구,구,304,0.494,26.77240552,13.08773927,2.239937281,4.588710837,,1001,3,50,,22,,121,3000
248210,창원,38111,창원시 의창구,구,304,0.494,27.88291811,20.7174607,6.099796995,9.750609287,,1001,,11,,3,,132,3000
248A00,동전,38111,창원시 의창구,구,304,0.494,33.93749854,15.57165396,3.268843125,9.735361081,,1001,,23,1,10,,117,3000
248680,천선,38112,창원시 성산구,구,406,0.494,21.07610548,6.896360618,8.696256294,8.072261992,,1001,4,76,1,29,,183,3000
248800,창곡,38112,창원시 성산구,구,406,0.494,26.37184337,7.593183268,7.037549198,3.291101871,2,1001,2,83,2,6,,136,3000
148060,창원,38112,창원시 성산구,구,406,0.494,26.37416325,8.681655949,6.039254592,1.798656132,,1001,25,240,13,63,,300,3000
248AJ0,상복,38112,창원시 성산구,구,406,0.494,26.08084419,7.7932676,7.338131628,3.522143558,,1001,2,98,3,6,,134,3000
348010,창원덴소,38113,창원시 마산합포구,구,507,0.494,35.27257126,2.955461913,8.523765507,11.54761772,7,1001,6,59,2,21,,137,3000
248460,진전평암,38113,창원시 마산합포구,구,507,0.494,30.00517526,16.93131715,13.66894236,24.49371042,,1001,,,,,,40,3000
448070,진북,38113,창원시 마산합포구,구,507,0.494,37.686768,9.544921674,12.82487189,17.8567965,,1001,,12,,1,,72,3000
248110,진북,38113,창원시 마산합포구,구,507,0.494,37.78080687,9.731243042,13.36755759,18.16067921,,1001,,15,,7,,95,3000
348020,해양신도시,38113,창원시 마산합포구,구,507,0.494,33.49050974,1.270476759,5.059795882,7.962468828,7,1001,18,120,9,60,,238,3000
248B20,평성,38114,창원시 마산회원구,구,203,0.494,37.8441847,9.814582925,1.527504505,10.05714106,1,1001,4,32,1,9,,148,3000
248580,수곡,38114,창원시 마산회원구,구,203,0.494,41.21143421,12.11271786,1.671359998,13.42263127,1,1001,4,34,1,9,,138,3000
248B40,부림,38510,의령군,군,139,-0.327,52.16005596,40.23564104,12.1424475,37.62640206,,16,,3,,2,,181,7000
448330,정곡,38510,의령군,군,139,-0.327,39.41780079,31.23456656,9.300354501,32.45537355,,16,,,,,,262,7000
448320,부림,38510,의령군,군,139,-0.327,46.89770503,38.95478409,16.52316174,38.60791055,,16,,2,,2,,181,7000
248840,대의,38510,의령군,군,139,-0.327,30.50670961,47.16569509,15.89455656,50.61206012,,16,,2,,3,,154,7000
448300,동동,38510,의령군,군,139,-0.327,31.06341844,30.48757688,5.370311179,33.87856066,,16,,21,1,8,,301,7000
448310,봉수,38510,의령군,군,139,-0.327,46.84954567,39.79054061,17.46654292,39.51902365,,16,,2,,2,,174,7000
248870,정곡백곡,38510,의령군,군,139,-0.327,38.97779965,27.34044454,6.290718058,28.75281187,,16,,10,,3,,298,7000
448420,파수,38520,함안군,군,1837,-0.254,34.86557028,16.61871634,5.754912861,21.25175106,,207,,19,1,15,,281,7000
248690,법수강주,38520,함안군,군,1837,-0.254,34.41831046,26.33144048,2.537248047,29.16105157,,207,,26,1,12,,338,7000
448690,칠원용산,38520,함안군,군,1837,-0.254,41.85083047,15.64134897,2.367135407,14.72761403,,207,4,55,2,15,,401,7000
448410,산인,38520,함안군,군,1837,-0.254,41.59926185,13.80606698,0.748817653,15.94311567,,207,6,81,4,39,,469,7000
448380,가야,38520,함안군,군,1837,-0.254,35.81280353,19.73112028,1.614264956,23.07083983,,207,,29,1,16,,339,7000
248AY0,군북유현,38520,함안군,군,1837,-0.254,34.81258909,25.38113284,1.779277709,28.18812351,,207,,25,,14,,348,7000
448560,황사,38520,함안군,군,1837,-0.254,35.75313254,28.70578561,5.346938006,30.98275445,,207,,24,1,9,,328,7000
448790,대산장암,38520,함안군,군,1837,-0.254,46.6518256,23.66077604,4.48198249,22.5490696,,207,,21,,7,,281,7000
248540,법수우거,38520,함안군,군,1837,-0.254,36.13983928,24.00893503,2.071466803,26.54668149,,207,,29,,14,,365,7000
248AC0,화천,38520,함안군,군,1837,-0.254,43.62182038,20.78581741,3.295457674,18.14651152,,207,,33,1,11,,332,7000
448390,군북,38520,함안군,군,1837,-0.254,31.12451152,23.57066621,2.13863753,27.8018847,,207,,25,,13,,271,7000
248AW0,부목2,38520,함안군,군,1837,-0.254,46.45932668,22.67151431,4.951364883,21.61582899,,207,,26,,8,,310,7000
248AF0,칠원용산,38520,함안군,군,1837,-0.254,41.69424948,15.14453315,2.171475303,14.44889219,,207,4,59,2,17,,410,7000
448400,법수,38520,함안군,군,1837,-0.254,36.61929125,24.37063346,2.66683759,26.71389546,1,207,,29,,14,,352,7000
448770,칠원운서,38520,함안군,군,1837,-0.254,39.43492119,15.99893015,3.268419871,13.20213989,,207,2,54,2,21,,407,7000
248950,사내,38520,함안군,군,1837,-0.254,33.8569808,20.94387507,3.081153066,24.76595603,,207,,31,1,16,,314,7000
248650,대사,38520,함안군,군,1837,-0.254,45.62438588,20.35530692,3.735025227,19.64983539,,207,,33,1,13,,340,7000
248080,칠서,38520,함안군,군,1837,-0.254,46.49396606,22.48304839,3.723337215,20.64648426,,207,,26,,8,,311,7000
248930,칠북영동,38520,함안군,군,1837,-0.254,40.04222222,16.83055288,2.790839048,13.99514148,1,207,1,53,2,19,,405,7000
448570,모로,38520,함안군,군,1837,-0.254,30.70581039,25.41957989,1.093826604,29.45991372,1,207,,19,,3,,285,7000
248810,장지,38520,함안군,군,1837,-0.254,32.28745631,23.81824826,1.340560317,27.62828424,,207,,27,,14,,292,7000
248A10,가연,38520,함안군,군,1837,-0.254,40.75450823,18.00333871,2.674308891,15.02750429,,207,,46,2,18,,414,7000
248550,군북월촌,38520,함안군,군,1837,-0.254,30.66027659,27.27242166,2.162362661,31.07095513,,207,,27,1,11,,325,7000
248B50,군북,38520,함안군,군,1837,-0.254,34.28995856,25.74398896,1.902244308,28.6709987,,207,,26,,6,,340,7000
248270,함안,38520,함안군,군,1837,-0.254,31.94601904,26.36314113,1.332967821,29.90930072,,207,,28,1,12,,334,7000
448720,송진전문,38530,창녕군,군,534,-0.163,46.5680677,26.87348091,3.379060303,23.1918394,,57,,30,,9,,223,7000
248770,하리,38530,창녕군,군,534,-0.163,39.30932422,43.25852349,3.016743679,26.50705452,,57,1,23,2,16,,224,7000
448510,대지,38530,창녕군,군,534,-0.163,43.56630783,40.96923434,1.792352789,29.04435409,,57,1,22,2,15,,260,7000
448340,남지,38530,창녕군,군,534,-0.163,48.60587515,25.58898163,2.53855678,23.84468462,,57,,22,,7,,273,7000
248B00,대성하이스코,38530,창녕군,군,534,-0.163,35.3315418,51.45797497,4.759096638,34.57339674,,57,,6,,2,,98,7000
248450,억만,38530,창녕군,군,534,-0.163,39.58982148,43.27387266,2.587791262,27.0075174,,57,1,23,2,16,,229,7000
248AR0,영남,38530,창녕군,군,534,-0.163,37.68291797,48.35974319,6.960430818,32.72921554,,57,,8,,3,,167,7000
248560,넥센,38530,창녕군,군,534,-0.163,35.80644301,51.14131931,5.1535925,34.61533513,,57,,6,,2,,110,7000
448350,대합,38530,창녕군,군,534,-0.163,37.25431498,46.91309105,5.452135328,30.01477262,,57,1,21,2,16,,206,7000
448730,서리전문,38530,창녕군,군,534,-0.163,48.84477501,31.23814383,0.725132706,22.8627408,,57,,20,,6,,180,7000
248250,대합,38530,창녕군,군,534,-0.163,36.64813936,50.064184,6.232213712,34.00278197,,57,,7,,2,,131,7000
248B10,이당,38540,고성군,군,261,-0.365,23.54014913,16.2009632,6.44619966,42.60685299,,29,1,28,2,13,,239,7000
448620,마동,38540,고성군,군,261,-0.365,32.21683109,15.50802542,0.760700177,37.02079301,,29,,38,2,14,,258,7000
248300,봉암동원,38540,고성군,군,261,-0.365,33.99169405,17.9352317,4.379991553,32.89029864,,29,,13,1,1,,186,7000
248610,율대,38540,고성군,군,261,-0.365,29.07606201,16.21766262,3.518312091,40.11103108,,29,1,39,2,14,,288,7000
248320,내산,38540,고성군,군,261,-0.365,37.26337934,16.77904519,11.89135702,25.2338301,,29,,10,1,1,,136,7000
248330,대독,38540,고성군,군,261,-0.365,25.62046131,15.58764195,6.217517866,42.45700067,,29,1,29,2,13,,253,7000
448250,율대,38540,고성군,군,261,-0.365,29.24335998,16.35847002,3.034971148,39.58272458,,29,1,39,2,14,,273,7000
448260,회화,38540,고성군,군,261,-0.365,28.25506832,21.57953617,7.012205212,30.06872339,,29,,10,1,2,,214,7000
248530,장좌,38540,고성군,군,261,-0.365,37.51691552,14.78792194,7.560325143,31.11350593,,29,,12,,1,,138,7000
448820,제일,38540,고성군,군,261,-0.365,28.93298053,16.58457024,3.296304259,39.70409441,,29,1,38,2,14,,278,7000
448540,세송,38540,고성군,군,261,-0.365,29.50687965,16.17454035,2.814542379,39.47196803,,29,1,40,2,14,,278,7000
248620,대가룡,38540,고성군,군,261,-0.365,38.63311927,14.80400093,9.903785281,28.45608889,,29,,6,,,,72,7000
248B90,고성양촌·용정,38540,고성군,군,261,-0.365,38.23137586,16.48606082,11.13680914,26.4516497,,29,,6,1,,,90,7000
448270,고현,38550,남해군,군,95,-0.243,24.8846828,18.26119572,14.39063639,78.98829563,2,3,1,24,1,12,,165,7000
248160,대송,38560,하동군,군,159,-0.531,24.16484953,15.75943763,4.608168138,79.2129897,,17,,12,,1,,141,7000
248180,갈사만조선,38560,하동군,군,159,-0.531,20.0598133,11.75643705,6.457415986,83.12362564,,17,,10,,1,,114,7000
448370,적량,38560,하동군,군,159,-0.531,27.36442201,21.47590544,8.997951674,81.09351172,,17,,10,,7,,170,7000
448360,고전,38560,하동군,군,159,-0.531,24.91097408,17.44520595,0.843498604,79.21624872,,17,,7,,1,,163,7000
448760,금성조선,38560,하동군,군,159,-0.531,19.03635349,10.58120055,5.102556864,84.37876466,,17,,6,,1,,93,7000
448530,진교,38560,하동군,군,159,-0.531,19.42192177,22.39165281,3.557262175,73.7210928,,17,,13,,5,,150,7000
248350,매촌2,38570,산청군,군,130,-0.351,41.77463169,59.99809147,1.131798758,74.46014923,,14,,8,,7,,122,7000
248AQ0,산청한방항노화,38570,산청군,군,130,-0.351,41.2303343,58.82949785,2.559441375,75.01724117,,14,,8,,7,,102,7000
448840,화현,38570,산청군,군,130,-0.351,27.81101608,47.21650393,13.03044301,51.80498073,,14,,,,,,157,7000
248260,매촌,38570,산청군,군,130,-0.351,41.93366056,60.21798108,0.645904656,74.23830242,,14,,8,,7,,124,7000
448680,금서2,38570,산청군,군,130,-0.351,41.51757812,59.71471179,1.434337772,74.4306405,,14,,8,,7,,118,7000
448290,산청,38570,산청군,군,130,-0.351,41.80962957,60.27822544,0.975997441,73.10822685,,14,,8,,7,,124,7000
448280,금서,38570,산청군,군,130,-0.351,41.29130885,59.54098742,1.285650028,74.01000329,,14,,8,,7,,112,7000
448850,인산죽염,38580,함양군,군,158,-0.236,57.11127145,63.00317561,5.240331988,94.40604525,,7,,,,,,45,7000
448440,이은,38580,함양군,군,158,-0.236,56.08939983,68.16660393,3.261152534,88.24141896,,7,1,25,1,15,,246,7000
448490,원평,38580,함양군,군,158,-0.236,56.63812312,72.51452861,1.992828182,84.59018796,,7,1,25,1,15,,229,7000
448580,안의,38580,함양군,군,158,-0.236,63.22551247,81.5524266,6.21643067,85.54808359,,7,,5,,3,,162,7000
248280,휴천,38580,함양군,군,158,-0.236,54.0202448,65.51217669,5.703656771,87.55567016,,7,1,25,1,15,,245,7000
448810,함양중방,38580,함양군,군,158,-0.236,63.61942158,79.64141604,2.562737683,88.6219796,,7,,6,,3,,144,7000
448670,안의2전문,38580,함양군,군,158,-0.236,63.51290935,81.97792255,6.643764562,85.54517414,,7,,5,,3,,163,7000
448430,함양수동,38580,함양군,군,158,-0.236,54.80902743,70.28700611,2.062143494,83.98390435,,7,1,27,1,16,,274,7000
248200,함양,38580,함양군,군,158,-0.236,56.52653748,72.87260648,2.793975956,83.99700582,,7,1,16,1,10,,215,7000
448480,서울우유,38590,거창군,군,189,-0.278,65.88169214,80.19284338,1.164927157,79.64517472,3,27,,51,3,30,,227,7000
448740,석강2,38590,거창군,군,189,-0.278,61.3370512,74.76325515,2.033924566,71.13962977,,27,,5,,1,,101,7000
248230,거창,38590,거창군,군,189,-0.278,63.98844138,78.67703993,2.77093154,78.81869771,3,27,,51,3,30,,214,7000
448830,승강기전문,38590,거창군,군,189,-0.278,64.37869242,79.52805301,2.891047026,79.80291207,3,27,,51,3,30,,225,7000
448230,당산,38590,거창군,군,189,-0.278,74.02282275,90.97149156,10.78845192,88.35695167,,27,,3,,,,127,7000
448240,정장,38590,거창군,군,189,-0.278,65.63851863,79.84900034,1.168667085,79.31171056,3,27,,51,3,30,,214,7000
448210,석강,38590,거창군,군,189,-0.278,61.64512807,75.06389715,1.880735286,71.51037652,,27,,5,,1,,101,7000
448220,남산,38590,거창군,군,189,-0.278,75.02910144,90.92634746,10.72472987,89.19310811,,27,,3,,,,130,7000
248B80,거창첨단,38590,거창군,군,189,-0.278,64.15988828,79.52005332,3.244132282,79.96013059,3,27,,51,3,30,,220,7000
448450,야로,38600,합천군,군,171,-0.37,48.7391011,70.37892264,0.562875995,61.26444999,,9,,4,,2,,73,7000
448470,적중,38600,합천군,군,171,-0.37,49.73036321,49.66900836,15.96443086,44.73896577,,9,,2,,2,,129,7000
448460,율곡,38600,합천군,군,171,-0.37,55.40062687,57.09771714,13.00737088,54.93854939,,9,2,15,1,8,,139,7000
